post_id,post_name,post_author,post_date,post_type,post_status,item_id,post_title,post_content,post_category,post_tags,hao_yuanj,hao_youh,hao_xianj,hao_xiaol,hao_zongl,hao_zhutu,hao_ljgm,hao_leix,kouling,
,,,,post,publish,544334470579,蓝果萌萌猫笔袋女可爱铅笔袋韩国创意学生文具收纳袋简约萌铅笔盒,满14元减5元,数码家电,auto,14.90,5,9.9,774,10000,http://img.alicdn.com/bao/uploaded/i3/TB1.PQhSXXXXXcgaXXXXXXXXXXX_!!0-item_pic.jpg,https://uland.taobao.com/coupon/edetail?e=8kAasggfk%2FcN%2BoQUE6FNzD%2FIVJnwr3XmJ8I4kT0WNq1aYBW0e1yb1ffiXcqNMyU%2F6GABTtqrYawLk3a8R0wwmRpywujSvOp2nUIklpPPqYLMMIzWTbYlyOHx8W0GmSYGld9njXV37kH%2FnQYm%2F8xmghCZqN23ZS1U&pid=mm_14661123_33544947_119412095&af=1,天猫,,
,,,,post,publish,530578540602,2017夏季韩版新款修身显瘦棉短裙女百搭a字短裙蓬蓬裙,满19元减10元,女装,auto,19.90,10,9.9,490,9999,http://img.alicdn.com/bao/uploaded/i4/2280143335/TB2TkpvkXXXXXbxXXXXXXXXXXXX_!!2280143335.jpg,https://uland.taobao.com/coupon/edetail?e=Eb0MYMWRAG0N%2BoQUE6FNzD%2FIVJnwr3XmJ8I4kT0WNq1aYBW0e1yb1ffiXcqNMyU%2FFAXHg5uz1MRZBzXI0RqrDBpywujSvOp2nUIklpPPqYKx9VmxSULu5COiA0PQ68ypNSKOplxy0%2Fvsej1HBciVFPiBoQe%2BDocv&pid=mm_14661123_33544947_119412095&af=1,淘宝,,
,,,,post,publish,542194038414,魔方项链女锁骨短款项链925银魔方吊坠日韩配饰蓝色精美饰品,满128元减100元,箱包配饰,auto,129.00,100,29,1768,2000,http://img.alicdn.com/bao/uploaded/i3/TB1GQatOVXXXXaAaXXXXXXXXXXX_!!0-item_pic.jpg,https://uland.taobao.com/coupon/edetail?e=APXINfRL5mYN%2BoQUE6FNzD%2FIVJnwr3XmJ8I4kT0WNq1aYBW0e1yb1ffiXcqNMyU%2FcgOPNI0GOcjbNVAUoWWseBpywujSvOp2nUIklpPPqYKMv1E%2BkLAYOGB6HrwqWOzZl3oLxrJGGxEBJULxVKFl9i0pSEvmv7pj&pid=mm_14661123_33544947_119412095&af=1,天猫,,
,,,,post,publish,547419886875,汽车香水车载座式香水座除异味车用车内如意葫芦饰品摆件用品,满30元减20元,汽车用品,auto,38.00,20,18,8574,50000,http://img.alicdn.com/bao/uploaded/i3/TB1YUeqQVXXXXaMXVXXXXXXXXXX_!!0-item_pic.jpg,https://uland.taobao.com/coupon/edetail?e=7LbI3rk6gG4N%2BoQUE6FNzD%2FIVJnwr3XmJ8I4kT0WNq1aYBW0e1yb1ffiXcqNMyU%2F4ka7D9eY3S68tlihQZU91BpywujSvOp2nUIklpPPqYIOV0e6WUryTQxuYeUhennuWnYPIs08u3ywphOd1SKqE5OBq4XCBXHt&pid=mm_14661123_33544947_119412095&af=1,天猫,,
,,,,post,publish,522196544725,烙色口红持久保湿不脱色滋润防水豆沙色润唇膏咬唇学生唇彩非韩国,满29元减10元,化妆品,auto,29.90,10,19.9,120871,20000,http://img.alicdn.com/bao/uploaded/i2/TB1DKfORpXXXXaIXXXXXXXXXXXX_!!0-item_pic.jpg,https://uland.taobao.com/coupon/edetail?e=XK9KeSlGhTwN%2BoQUE6FNzD%2FIVJnwr3XmJ8I4kT0WNq1aYBW0e1yb1ffiXcqNMyU%2FBODzN3uunRtaMcEBXQQeUxpywujSvOp2nUIklpPPqYJ2Tc8ZTxVsnVkBQeupTJ0W%2F4POstAwFe10qlG0itAmxxo%2FuhNNqCgs&pid=mm_14661123_33544947_119412095&af=1,天猫,,
,,,,post,publish,525694095950,WRZ X6重低音电脑手机苹果通用男女耳塞挂耳式运动入耳式耳机耳麦,满30元减25元,数码家电,auto,30.90,25,5.9,268392,100000,http://img.alicdn.com/bao/uploaded/i4/TB11pzGPpXXXXXoXFXXXXXXXXXX_!!0-item_pic.jpg,https://uland.taobao.com/coupon/edetail?e=lEayuLP%2Bqi0N%2BoQUE6FNzD%2FIVJnwr3XmJ8I4kT0WNq1aYBW0e1yb1ffiXcqNMyU%2FOhm8Zdd1vh9hQUC2F6Pl4xpywujSvOp2nUIklpPPqYKIrKrZqTLif8o6wIc%2Fj6JOtg0rEan7kJBEz03QCTBsHMFQomv0TjxM&pid=mm_14661123_33544947_119412095&af=1,天猫,,
,,,,post,publish,552723556836,碧素堂水果面膜30片组合装 补水保湿清洁毛孔控油紧致肌肤正品女,满29元减3元,化妆品,auto,29.99,3,26.99,162,100000,http://img.alicdn.com/bao/uploaded/i3/TB1OvSqRFXXXXXLapXXXXXXXXXX_!!0-item_pic.jpg,https://uland.taobao.com/coupon/edetail?e=bq6Taaifx0cN%2BoQUE6FNzD%2FIVJnwr3XmJ8I4kT0WNq1aYBW0e1yb1ffiXcqNMyU%2FRBmxAXGHcs%2BCikXMWu5PpRpywujSvOp2nUIklpPPqYKIYkQW3nPqF95Xgb%2BnlPtJDUthH4pgNHXwhbiFz1E1HluHseZAGTN3&pid=mm_14661123_33544947_119412095&af=1,天猫,,
,,,,post,publish,553856671968,苹果夏季男鞋新款男士运动鞋男透气网鞋网面跑步鞋休闲板鞋子男潮,满139元减80元,男装,auto,139.00,80,59,6938,20000,http://img.alicdn.com/bao/uploaded/i6/TB1lTWRRVXXXXaDXXXXYXGcGpXX_M2.SS2,https://uland.taobao.com/coupon/edetail?e=ukly%2FcJwQqEN%2BoQUE6FNzD%2FIVJnwr3XmJ8I4kT0WNq1aYBW0e1yb1ffiXcqNMyU%2F0%2B%2BPKYKVpXv3LF9GRKeKLhpywujSvOp2nUIklpPPqYLBUgAPMaPvLad7FxYaMSEa4HpeCwW5zrjbsxRm5dFBOCYfH6PuLAuf&pid=mm_14661123_33544947_119412095&af=1,天猫,,
,,,,post,publish,534592855625,莎琪儿夏季少女内衣套装性感聚拢黑色小胸罩法式蕾丝半杯文胸薄款,满45元减5元,女装,auto,55.90,5,50.9,2956,10000,http://img.alicdn.com/bao/uploaded/i3/685053678/TB2nIJ2vB0kpuFjSsziXXa.oVXa_!!685053678.jpg,https://uland.taobao.com/coupon/edetail?e=xNcHWzZjX60N%2BoQUE6FNzD%2FIVJnwr3XmJ8I4kT0WNq1aYBW0e1yb1ffiXcqNMyU%2FZgLuGtnVzvQnIJYOXRgmSxpywujSvOp2nUIklpPPqYK3O2wEe5kr31%2F5CFLbGT8iHbS09VWOH0IdNpZrNVSYDp0Byl%2BCH3sT&pid=mm_14661123_33544947_119412095&af=1,淘宝,,
,,,,post,publish,16282962475,博倩发胶快速定型蓬松男啫喱水膏干胶清香头发造型喷雾女发泥发蜡,满25元减20元,化妆品,auto,25.80,20,5.8,125945,10000,http://img.alicdn.com/bao/uploaded/i2/TB1tGvMOpXXXXa5XFXXXXXXXXXX_!!0-item_pic.jpg,https://uland.taobao.com/coupon/edetail?e=yO2MnhVWA5kN%2BoQUE6FNzD%2FIVJnwr3XmJ8I4kT0WNq1aYBW0e1yb1ffiXcqNMyU%2FEw1dNjJs5JPmZCoslt9jqR0HgBdG%2FDDL%2F1M%2FBw7Sf%2Fd56%2B4Zkb8MECGa4qaJc7huTYmuX%2Bi14%2FvvrrhPNPVRDLXWBYGAzzGO&pid=mm_14661123_33544947_119412095&af=1,天猫,,
,,,,post,publish,22402756846,四明山天然野生桃胶桃花泪农家可搭皂角米银耳莲子 买2送1 不封顶,满10元减5元,美食,auto,12.80,5,7.8,23,10000,http://img.alicdn.com/bao/uploaded/i4/43019686/TB2nSbasbJkpuFjy1zcXXa5FFXa_!!43019686.jpg,https://uland.taobao.com/coupon/edetail?e=NBMYRQjyR08N%2BoQUE6FNzD%2FIVJnwr3XmJ8I4kT0WNq1aYBW0e1yb1ffiXcqNMyU%2FcugCWc2mbLb4EZmIsQZZNx0HgBdG%2FDDL%2F1M%2FBw7Sf%2FekwbbsR2qa%2BAElyJE4%2FnBLlkC8Xbf0Sc9UxOp2y8yK%2B%2F22v9zKttkp&pid=mm_14661123_33544947_119412095&af=1,淘宝,,
,,,,post,publish,538158504458,欧洲进口如胜糖果100g牛奶硬糖婚庆散装喜糖批发办公室休闲小零食,满15元减10元,美食,auto,15.90,10,5.9,825,10000,http://img.alicdn.com/bao/uploaded/i2/TB1hFPkQFXXXXaeXVXXXXXXXXXX_!!0-item_pic.jpg,https://uland.taobao.com/coupon/edetail?e=wyxqxbZ2X%2F4N%2BoQUE6FNzD%2FIVJnwr3XmJ8I4kT0WNq1aYBW0e1yb1ffiXcqNMyU%2F8k9oiEfxcLr%2Blvy9UKzEFxpywujSvOp2nUIklpPPqYIWfm4ur7OaSnpDA7HO9unPtZXiHxp4CWAkHsS4JoiwBkxgZ2NgurUZ&pid=mm_14661123_33544947_119412095&af=1,天猫,,
,,,,post,publish,525463670474,奥宇5斤太空玩具沙子套装儿童魔力安全无毒男女孩粘土橡皮泥批发,满24元减3元,母婴,auto,24.90,3,21.9,53285,10000,http://img.alicdn.com/bao/uploaded/i2/TB1WPQsSXXXXXaOapXXXXXXXXXX_!!0-item_pic.jpg,https://uland.taobao.com/coupon/edetail?e=Y7tZWCeVObwN%2BoQUE6FNzD%2FIVJnwr3XmJ8I4kT0WNq1aYBW0e1yb1ffiXcqNMyU%2FdlyP6vB7pCmh60etKuAlMRpywujSvOp2nUIklpPPqYJqqu%2BZNX6DrVgXnoJdG4XfgsyeJnpo6HKRHjTzo5N7svzzkGK%2Fkx%2Bl&pid=mm_14661123_33544947_119412095&af=1,天猫,,
,,,,post,publish,555100471973,新品特惠 高颜值! 粉色限量变色唇膏,满220元减200元,居家,auto,239.90,200,39.9,260,10000,http://img.alicdn.com/bao/uploaded/i1/3321919676/TB2VUn7wgJkpuFjSszcXXXfsFXa_!!3321919676.jpg,https://uland.taobao.com/coupon/edetail?e=F4zv8CW%2FpIsN%2BoQUE6FNzD%2FIVJnwr3XmJ8I4kT0WNq1aYBW0e1yb1ffiXcqNMyU%2FSCqvzpa2NAxUglqEerOWkBpywujSvOp2nUIklpPPqYLEs6ymXny2%2B%2F8JAKAn1JhMSWHMvhv2cxmQqIFQU8%2Fyzurn0aNi2OV3&pid=mm_14661123_33544947_119412095&af=1,淘宝,,
,,,,post,publish,548276994732,2017夏季中国风男士短袖T恤民族风修身圆领刺绣龙袍半袖社会男装,满60元减50元,男装,auto,89.00,50,39,398,8899,http://img.alicdn.com/bao/uploaded/i1/TB1MYeWQVXXXXacXpXXXXXXXXXX_!!0-item_pic.jpg,https://uland.taobao.com/coupon/edetail?e=hWByN%2BBRbUIN%2BoQUE6FNzD%2FIVJnwr3XmJ8I4kT0WNq1aYBW0e1yb1ffiXcqNMyU%2FD8kopqn%2BEK92YGc7q%2BhiXhpywujSvOp2nUIklpPPqYJL9iivhRv8XXEAH5OszL7BxFEZQLDh1Zdena8f02mEAkbpy02qDTzs&pid=mm_14661123_33544947_119412095&af=1,天猫,,
,,,,post,publish,548872972672,2017夏季宽松圆领短袖t恤男纯色中国风亚麻口袋麻料T恤男装学生潮,满79元减50元,男装,auto,79.00,50,29,125,2000,http://img.alicdn.com/bao/uploaded/i4/TB1G7E_QVXXXXclXpXXXXXXXXXX_!!0-item_pic.jpg,https://uland.taobao.com/coupon/edetail?e=gduwcEhae1sN%2BoQUE6FNzD%2FIVJnwr3XmJ8I4kT0WNq1aYBW0e1yb1ffiXcqNMyU%2FTyIH21IJMD4CkS%2BoOOZF7RpywujSvOp2nUIklpPPqYLSO%2FeUbi033S8fUwTocmbxykTzSu58%2FpUr135TRQntO8q0nP4Zye36&pid=mm_14661123_33544947_119412095&af=1,天猫,,
,,,,post,publish,539451829271,fanbiya D1入耳式运动耳机电脑手机通用耳塞式耳麦苹果重低音魔音,满29元减20元,数码家电,auto,29.90,20,9.9,33757,10000,http://img.alicdn.com/bao/uploaded/i4/TB1mYeeRXXXXXX1apXXXXXXXXXX_!!0-item_pic.jpg,https://uland.taobao.com/coupon/edetail?e=Lhr%2F%2Bg7mzPgN%2BoQUE6FNzD%2FIVJnwr3XmJ8I4kT0WNq1aYBW0e1yb1ffiXcqNMyU%2FhBPldBTL5dGQOc%2FyPqb4DxpywujSvOp2nUIklpPPqYKSqs05PlgJe5vQlqkMEK41zNclKu3ypeXqIws3JyoNNPD%2Be%2FWHMbSR&pid=mm_14661123_33544947_119412095&af=1,天猫,,
,,,,post,publish,540957261668,韩国爱丽小屋四色眼影盘渐变哑光珠光大地色裸妆持久包邮正品,满52元减30元,化妆品,auto,52.00,30,22,464,30000,http://img.alicdn.com/bao/uploaded/i4/TB1XOSYOVXXXXXyXXXXXXXXXXXX_!!0-item_pic.jpg,https://uland.taobao.com/coupon/edetail?e=YPU2Z%2BKhEr4N%2BoQUE6FNzD%2FIVJnwr3XmJ8I4kT0WNq1aYBW0e1yb1ffiXcqNMyU%2FevN%2BhDSowQj4k2V%2B5EiK%2FhpywujSvOp2nUIklpPPqYIHT9g6I8fnglHx3SJXYN14X9k7e9137Is6N8It7SaMufCYetFwSz2H&pid=mm_14661123_33544947_119412095&af=1,淘宝,,
,,,,post,publish,551784318444,亨奇璞竹抽纸母婴纸巾竹浆本色纸不漂白卫生纸家庭装餐巾纸100抽,满21元减20元,化妆品,auto,46.90,20,26.9,40414,70000,http://img.alicdn.com/bao/uploaded/i3/TB1vlUrSXXXXXX9XVXXXXXXXXXX_!!0-item_pic.jpg,https://uland.taobao.com/coupon/edetail?e=arGftDtdq7MN%2BoQUE6FNzD%2FIVJnwr3XmJ8I4kT0WNq1aYBW0e1yb1ffiXcqNMyU%2F7C%2Bmd35iIoNIolt3LROP6BpywujSvOp2nUIklpPPqYIhPPiNiuinZEXZwm7nkqFe3KjwItEwaZe0lxhIMTHEz0YiuAfjoi8S&pid=mm_14661123_33544947_119412095&af=1,天猫,,
,,,,post,publish,547941030789,夏装新款韩版百搭简约纯色无袖背心上衣女学生宽松显瘦百搭t恤潮,满5元减3元,女装,auto,16.80,3,13.8,10160,100000,http://img.alicdn.com/bao/uploaded/i1/1670163060/TB2YxjamohnpuFjSZFEXXX0PFXa_!!1670163060.jpg,https://uland.taobao.com/coupon/edetail?e=jRdUy61RDEIN%2BoQUE6FNzD%2FIVJnwr3XmJ8I4kT0WNq1aYBW0e1yb1ffiXcqNMyU%2FQmkzivgDLL8JWvbWz4VHOhpywujSvOp2nUIklpPPqYKtiuPgUuwn36Yw9xwLNDqI7WiLp1qbYKSg%2BS2TKcYN11lIE6MNhByU&pid=mm_14661123_33544947_119412095&af=1,淘宝,,
,,,,post,publish,549978691016,南极人湿巾婴儿手口湿巾新生儿宝宝湿纸巾30抽8包组,满29元减10元,母婴,auto,29.90,10,19.9,4670,15000,http://img.alicdn.com/bao/uploaded/i2/TB113vVRVXXXXaXXXXXXXXXXXXX_!!0-item_pic.jpg,https://uland.taobao.com/coupon/edetail?e=FAo82q%2BOe%2FEN%2BoQUE6FNzD%2FIVJnwr3XmJ8I4kT0WNq1aYBW0e1yb1ffiXcqNMyU%2FPq%2FrNa6diLVnxlMlAHf3TxpywujSvOp2nUIklpPPqYLx7bBDedNWnsZEt1us%2BMcKPJn23w36PvJPs%2FBYRqBhXZVOQ5O80eXS&pid=mm_14661123_33544947_119412095&af=1,天猫,,
,,,,post,publish,550999783360,韩版新款透明包包大单肩包手提镭射炫七彩moon包女沙滩水晶果冻包,满18元减3元,箱包配饰,auto,18.90,3,15.9,1133,50000,http://img.alicdn.com/bao/uploaded/i1/2122566677/TB2AaFfsJFopuFjSZFHXXbSlXXa_!!2122566677.jpg,https://uland.taobao.com/coupon/edetail?e=I4ofiA45YEIN%2BoQUE6FNzD%2FIVJnwr3XmJ8I4kT0WNq1aYBW0e1yb1ffiXcqNMyU%2Fni0JGUzFr7KlAQ2L26ccWBpywujSvOp2nUIklpPPqYJdceMJOImaISUmTJBnIxFjnxZcWCicBwUR82x7TqcPfP2PkzhQE5Nd&pid=mm_14661123_33544947_119412095&af=1,淘宝,,
,,,,post,publish,546516605589,家用静音迷你踏步机瘦腰机瘦腿减肥健身器材多功能扶手登山脚踏机,满90元减30元,户外运动,auto,98.00,30,68,260,10000,http://img.alicdn.com/bao/uploaded/i4/TB1o3FpRXXXXXcaaXXXXXXXXXXX_!!0-item_pic.jpg,https://uland.taobao.com/coupon/edetail?e=Olm2t97XxIwN%2BoQUE6FNzD%2FIVJnwr3XmJ8I4kT0WNq1aYBW0e1yb1ffiXcqNMyU%2F3cWLOKlYPByB%2FJd2O1PXMBpywujSvOp2nUIklpPPqYLNjLksKXxWHpxxlDw4WtuELeR%2Fspu6sbfSGlgV%2BijepdNOJJ37swgv&pid=mm_14661123_33544947_119412095&af=1,天猫,,
,,,,post,publish,530750241532,千奇坊儿童背包水枪戏水漂流沙滩抽拉式大容量高压气压力玩具水枪,满12元减3元,母婴,auto,12.80,3,9.8,15755,20000,http://img.alicdn.com/bao/uploaded/i3/TB1s_JqRFXXXXbyaFXXXXXXXXXX_!!0-item_pic.jpg,https://uland.taobao.com/coupon/edetail?e=0Ned6dNj%2FksN%2BoQUE6FNzD%2FIVJnwr3XmJ8I4kT0WNq1aYBW0e1yb1ffiXcqNMyU%2Fi3%2BwfcWX4dFAjUyYvk5%2BoxpywujSvOp2nUIklpPPqYL7mx39ZLw7w%2BH15o30drlqPI8SCrkHy%2BwdFUvOEcgaoJtC091o79HB&pid=mm_14661123_33544947_119412095&af=1,天猫,,
,,,,post,publish,554154202563,乐彼台式折叠化妆镜大号梳妆便携可爱迷你随身小镜子宿舍桌面翻盖,满9元减3元,居家,auto,9.80,3,6.8,2521,20000,http://img.alicdn.com/bao/uploaded/i1/TB1zjQGRVXXXXX5XVXXXXXXXXXX_!!0-item_pic.jpg,https://uland.taobao.com/coupon/edetail?e=5hXL%2FNvYeZcN%2BoQUE6FNzD%2FIVJnwr3XmJ8I4kT0WNq1aYBW0e1yb1ffiXcqNMyU%2Fw1rUSYjbVR7ojaySIcDqlRpywujSvOp2nUIklpPPqYL%2FTbaEaIKtPORZMLo7BSwpCxlrDd%2BFK9b1SwEJYI3gqpq%2F8dKJcU4z&pid=mm_14661123_33544947_119412095&af=1,天猫,,
,,,,post,publish,542344067409,【拍下减20】蜜之源天然纯农家自产野生土蜂蜜无添加百花蜂蜜280g,满39元减30元,美食,auto,39.90,30,9.9,9770,40000,http://img.alicdn.com/bao/uploaded/i3/TB1TFUjSXXXXXXAXFXXXXXXXXXX_!!0-item_pic.jpg,https://uland.taobao.com/coupon/edetail?e=0GO5g0ORofMN%2BoQUE6FNzD%2FIVJnwr3XmJ8I4kT0WNq1aYBW0e1yb1ffiXcqNMyU%2FXdUeb5R93zU0TsAZ0afFpBpywujSvOp2nUIklpPPqYIGueg6iDfRg7fzHZNnpO4id5IDpeaI4bXy6vXWKnpVSXh3IsQWMXRB&pid=mm_14661123_33544947_119412095&af=1,天猫,,
,,,,post,publish,546041658768,英尚双色气垫眉膏 立体防水防汗持久不易脱色不晕染眉膏,满39元减30元,化妆品,auto,39.90,30,9.9,3021,30000,http://img.alicdn.com/bao/uploaded/i1/TB1zkm8QVXXXXbdXFXXXXXXXXXX_!!0-item_pic.jpg,https://uland.taobao.com/coupon/edetail?e=J5f6ugJNgncN%2BoQUE6FNzD%2FIVJnwr3XmJ8I4kT0WNq1aYBW0e1yb1ffiXcqNMyU%2F5J2vVAfilqyi5jPyvr7cfRpywujSvOp2nUIklpPPqYJRylclMdNRjn4sWvP%2FfSFyQBiaxVEofxAwWTyWR%2FgAujIMiBLISNqZ&pid=mm_14661123_33544947_119412095&af=1,天猫,,
,,,,post,publish,531551443336,金稻护眼仪眼部按摩器去眼袋黑眼圈按摩仪眼睛按摩棒美眼仪眼保笔,满39元减15元,居家,auto,39.00,15,24,622,10000,http://img.alicdn.com/bao/uploaded/i2/TB1KdafNFXXXXbaXFXXXXXXXXXX_!!0-item_pic.jpg,https://uland.taobao.com/coupon/edetail?e=BtOH0NF%2BkXIN%2BoQUE6FNzD%2FIVJnwr3XmJ8I4kT0WNq1aYBW0e1yb1ffiXcqNMyU%2FSWtSWtvEYl%2Fkscp9RModlxpywujSvOp2nUIklpPPqYI%2FVKyWkSOyalNFkG%2BG1npmuBLjzxhJ1RTgTkNeC7rtHzYuVbopZKMp&pid=mm_14661123_33544947_119412095&af=1,天猫,,
,,,,post,publish,554829093277,2017夏季新款韩版女装内搭字母肩带吊带短款紧身打底衫吊带背心,满10元减5元,女装,auto,24.00,5,19,25,10000,http://img.alicdn.com/bao/uploaded/i4/422259327/TB2x8DAvW8lpuFjy0FpXXaGrpXa_!!422259327.jpg,https://uland.taobao.com/coupon/edetail?e=Njgc%2BKNOjwgN%2BoQUE6FNzD%2FIVJnwr3XmJ8I4kT0WNq1aYBW0e1yb1ffiXcqNMyU%2FMFKqqAGNc8ppwRlyDVXvPRpywujSvOp2nUIklpPPqYLaZu6cnjIEZgCJIfTIX3dBL480au0BB327FdtmiZ7kX4Z95LPRAXak&pid=mm_14661123_33544947_119412095&af=1,淘宝,,
,,,,post,publish,549611931328,九美子正品专柜夏季防晒美白隔离霜女学生遮瑕补水保湿妆前隔离乳,满54元减40元,化妆品,auto,59.00,40,19,596,3000,http://img.alicdn.com/bao/uploaded/i1/TB1cteqSXXXXXcnXFXXXXXXXXXX_!!0-item_pic.jpg,https://uland.taobao.com/coupon/edetail?e=kMexrotVyikN%2BoQUE6FNzD%2FIVJnwr3XmJ8I4kT0WNq1aYBW0e1yb1ffiXcqNMyU%2FW%2BytoIbqX%2FPUzBF%2B4sIdcxpywujSvOp2nUIklpPPqYJe%2FDrQsMagE12bX8P%2FNqzvHQg1mcnE95mfTLK2jIE8fTJJp6rlAGfC&pid=mm_14661123_33544947_119412095&af=1,天猫,,
,,,,post,publish,551002946826,喜曼多钓鱼伞2.2米万向防雨户外钓伞2.4米鱼伞黑胶防晒遮阳垂钓伞,满60元减10元,户外运动,auto,115.00,10,105,548,10000,http://img.alicdn.com/bao/uploaded/i3/TB1oY4nRpXXXXbPXFXXXXXXXXXX_!!0-item_pic.jpg,https://uland.taobao.com/coupon/edetail?e=qTzPYKv2WuYN%2BoQUE6FNzD%2FIVJnwr3XmJ8I4kT0WNq1aYBW0e1yb1ffiXcqNMyU%2FVDLQJ%2BSH8FCy814qX%2B8JhBpywujSvOp2nUIklpPPqYJvisJtLgzaeskEdUdcGKyX2ThqsEDP7WGt%2Bg7FCP%2F5NWZrvBf5aCnx&pid=mm_14661123_33544947_119412095&af=1,天猫,,
,,,,post,publish,550963462979,晨光燕尾夹彩色长尾夹凤尾铁票夹文具文件夹小夹子书大号办公用品,满6元减1元,数码家电,auto,6.80,1,5.8,234,10000,http://img.alicdn.com/bao/uploaded/i4/TB1h1nsRXXXXXXYXVXXXXXXXXXX_!!0-item_pic.jpg,https://uland.taobao.com/coupon/edetail?e=KjammgIXpqkN%2BoQUE6FNzD%2FIVJnwr3XmJ8I4kT0WNq1aYBW0e1yb1ffiXcqNMyU%2Fnku9BUdWhgWwYknoESs9PBpywujSvOp2nUIklpPPqYKo7uF4GP7ngkTPKB%2F3QTjgDYl6H8QaVqMvOKMrPi5CwwNivpegiskY&pid=mm_14661123_33544947_119412095&af=1,天猫,,
,,,,post,publish,548656821775,牛仔短裤女夏百搭背带阔腿短裤2017新款韩版宽松学生高腰女装春夏,满39元减10元,女装,auto,39.00,10,29,4567,30000,http://img.alicdn.com/bao/uploaded/i1/TB1z4E0QFXXXXbxXpXXXXXXXXXX_!!0-item_pic.jpg,https://uland.taobao.com/coupon/edetail?e=SM%2FbwY2PuRQN%2BoQUE6FNzD%2FIVJnwr3XmJ8I4kT0WNq1aYBW0e1yb1ffiXcqNMyU%2FAH587AYK9uOfnZNo81bQ5BpywujSvOp2nUIklpPPqYJb2a38wyCK9vNFVNM%2BZ7DkYCvz173Eyoz9ldHNj9OdTcpj0%2BHVP91Z&pid=mm_14661123_33544947_119412095&af=1,天猫,,
,,,,post,publish,553641742071,许愿汽车遮阳帘车内车窗遮阳防晒隔热挡卡通儿童侧窗遮阳板遮阳挡,满19元减10元,汽车用品,auto,19.90,10,9.9,3727,50000,http://img.alicdn.com/bao/uploaded/i2/TB1sZQ0SXXXXXXfXFXXXXXXXXXX_!!0-item_pic.jpg,https://uland.taobao.com/coupon/edetail?e=40hGOHNPEn4N%2BoQUE6FNzD%2FIVJnwr3XmJ8I4kT0WNq1aYBW0e1yb1ffiXcqNMyU%2FGVwlaDvzpS1OQDAuPt1YwBpywujSvOp2nUIklpPPqYI%2FozaoTlHfMp8%2FfVe1265l8ujQMzsc%2BEofBjBO9S4NSIlmxDE0VJk%2B&pid=mm_14661123_33544947_119412095&af=1,天猫,,
,,,,post,publish,45762328492,前开扣喂奶睡眠背心式孕妇内衣胸罩哺乳文胸无钢圈聚拢防下垂大码,满20元减5元,母婴,auto,22.80,5,17.8,232,10000,http://img.alicdn.com/bao/uploaded/i4/TB1fHmtOXXXXXcHXVXXXXXXXXXX_!!0-item_pic.jpg,https://uland.taobao.com/coupon/edetail?e=IfbQ1gu7Ai0N%2BoQUE6FNzD%2FIVJnwr3XmJ8I4kT0WNq1aYBW0e1yb1ffiXcqNMyU%2FD3SjEM5OV4uB2Yv9sq33KB0HgBdG%2FDDL%2F1M%2FBw7Sf%2Ff0oqyJeT%2FyeDfBb9rf3LOzoheod7RRhEcvAhht5%2FL8WV3wkiFRrdfO&pid=mm_14661123_33544947_119412095&af=1,天猫,,
,,,,post,publish,8062523694,儿童泳裤男童 宝宝泳裤可爱泳裤 青少年中大童平角温泉泳衣游泳裤,满5元减3元,户外运动,auto,29.00,3,26,254,100000,http://img.alicdn.com/bao/uploaded/i2/TB1TlxmKVXXXXb1XXXXXXXXXXXX_!!0-item_pic.jpg,https://uland.taobao.com/coupon/edetail?e=trXZ6fEToNkN%2BoQUE6FNzD%2FIVJnwr3XmJ8I4kT0WNq1aYBW0e1yb1ffiXcqNMyU%2FlIGrHkS7NWhmgYYOaBvJOmS4ihT3PrBb19fIGjTfiD4iU6QNVF0ffXUlD9mZTxwmJd%2Bgga4rny%2BuJw4m9l8nS7TFEEJnFwTG&pid=mm_14661123_33544947_119412095&af=1,天猫,,
,,,,post,publish,45299056077,依奈 纯棉压缩面膜100粒 面贴式纸膜 diy面膜纸 补水吸水服贴性好,满29元减15元,化妆品,auto,28.00,15,13,674,10000,http://img.alicdn.com/bao/uploaded/i3/TB1WPAUSXXXXXXvapXXXXXXXXXX_!!0-item_pic.jpg,https://uland.taobao.com/coupon/edetail?e=yZ0rt1E6uLQN%2BoQUE6FNzD%2FIVJnwr3XmJ8I4kT0WNq1aYBW0e1yb1ffiXcqNMyU%2FDADS2hythM%2Fzh37HucPZlB0HgBdG%2FDDL%2F1M%2FBw7Sf%2FdQLBu7Flhg2zHscMOj7lWZDNQtIwCO%2FHyqBbfVqtViC%2BaCyEHQFuPt&pid=mm_14661123_33544947_119412095&af=1,天猫,,
,,,,post,publish,554456832834,【多款可选】新款高端银首饰品女式珍珠猫眼石爱心钻吊坠送项链子,满129元减120元,箱包配饰,auto,129.80,120,9.8,294,10000,http://img.alicdn.com/bao/uploaded/i3/TB1Xe8dSXXXXXbnXpXXXXXXXXXX_!!0-item_pic.jpg,https://uland.taobao.com/coupon/edetail?e=EQCI52q0koUN%2BoQUE6FNzD%2FIVJnwr3XmJ8I4kT0WNq1aYBW0e1yb1ffiXcqNMyU%2F7B2V0WAdMisC%2Be%2BIDtEB9BpywujSvOp2nUIklpPPqYJg7k06YVta8iuiCUWTS44B%2B88ZMeMpPgBIqEqN5y36tPHqxcFY8Gqm&pid=mm_14661123_33544947_119412095&af=1,淘宝,,
,,,,post,publish,545144283504,帽子女夏天韩版潮时尚棒球帽男休闲百搭太阳帽子春秋季青年鸭舌帽,满9元减1元,箱包配饰,auto,9.90,1,8.9,79685,20000,http://img.alicdn.com/bao/uploaded/i2/TB1I2GeQpXXXXb.XXXXXXXXXXXX_!!0-item_pic.jpg,https://uland.taobao.com/coupon/edetail?e=EM22w7fOMZ8N%2BoQUE6FNzD%2FIVJnwr3XmJ8I4kT0WNq1aYBW0e1yb1ffiXcqNMyU%2FMEg0Ymni4DrZvvPfyfaFCxpywujSvOp2nUIklpPPqYKxdHZwD0UJbXAVMALl8Rot56gUBx3bgwur4YXesh1%2B0hJWFna6eEzC&pid=mm_14661123_33544947_119412095&af=1,天猫,,
,,,,post,publish,521158101943,桂花/玫瑰/茉莉味淡香持久女士香水35ml夏季清新淡雅香水国货香水,满6元减3元,化妆品,auto,9.90,3,6.9,2614,10000,http://img.alicdn.com/bao/uploaded/i2/TB16bwhQpXXXXXKapXXXXXXXXXX_!!2-item_pic.png,https://uland.taobao.com/coupon/edetail?e=IhGBE81sC1oN%2BoQUE6FNzD%2FIVJnwr3XmJ8I4kT0WNq1aYBW0e1yb1ffiXcqNMyU%2FFJgZVYuCgVyYS1Ln4AC3cBpywujSvOp2nUIklpPPqYJ3e%2BhtgYD5epvH4rtZUVsD11nDj1TtzqKhm5PvRVmIzFeX1CD98wOQ&pid=mm_14661123_33544947_119412095&af=1,淘宝,,
,,,,post,publish,537510433889,正版中文 单本 神秘花园 手绘减压涂色书填色本 秘密花园 儿童学生成人涂鸦填色簿本减压神器图画书 手绘涂色书 神秘花园 3,满25元减20元,居家,auto,28.80,20,8.8,3527,15000,http://img.alicdn.com/bao/uploaded/i2/TB1BepgSpXXXXcrXpXXXXXXXXXX_!!0-item_pic.jpg,https://uland.taobao.com/coupon/edetail?e=jAiUXegZkRoN%2BoQUE6FNzD%2FIVJnwr3XmJ8I4kT0WNq1aYBW0e1yb1ffiXcqNMyU%2FOQkrFf7%2FmLkgEclscYoLmhpywujSvOp2nUIklpPPqYKmAJhPKgIF5AQx7zdxyPe%2BxgVWXpS20evQYz0HTYuOvTVPNsnXmZbc&pid=mm_14661123_33544947_119412095&af=1,天猫,,
,,,,post,publish,549546552772,睡衣女夏短袖短裤吊带套装家居服性感甜美睡衣女夏季休闲宽松可爱,满39元减10元,女装,auto,39.90,10,29.9,223,10000,http://img.alicdn.com/bao/uploaded/i3/2744839284/TB2CHT9nmhlpuFjSspkXXa1ApXa_!!2744839284.jpg,https://uland.taobao.com/coupon/edetail?e=BP9HiAslPDQN%2BoQUE6FNzD%2FIVJnwr3XmJ8I4kT0WNq1aYBW0e1yb1ffiXcqNMyU%2F%2FkiCaznoizDPfxWIKc8lqBpywujSvOp2nUIklpPPqYJl8%2F0G%2Bv7C8APffagAe3X84es8cEcNcwu47OjCXxdJByYPGMCQOevG&pid=mm_14661123_33544947_119412095&af=1,淘宝,,
,,,,post,publish,550816636158,蓉城老妈方便火锅懒人火锅自煮自助微火锅速食自热四川特产小火锅,满35元减20元,美食,auto,39.80,20,19.8,1955,100000,http://img.alicdn.com/bao/uploaded/i2/TB1SMUESXXXXXbwapXXXXXXXXXX_!!0-item_pic.jpg,https://uland.taobao.com/coupon/edetail?e=0zOtp%2F%2FBji0N%2BoQUE6FNzD%2FIVJnwr3XmJ8I4kT0WNq1aYBW0e1yb1ffiXcqNMyU%2FhpNgiPeYHCTTbZmtaZhn1RpywujSvOp2nUIklpPPqYLovzMAqPbTw9cAm0HgDjTyeE3wDeITorNRtkbhVOXjpB%2FkbAoRyTFH&pid=mm_14661123_33544947_119412095&af=1,天猫,,
,,,,post,publish,554344373825,买二送一满天星手镯女推拉银饰品手环银镯子学生送女友妈妈生日,满129元减120元,箱包配饰,auto,129.90,120,9.9,366,10000,http://img.alicdn.com/bao/uploaded/i1/1799125365/TB28EYUzipnpuFjSZFkXXc4ZpXa_!!1799125365.jpg,https://uland.taobao.com/coupon/edetail?e=TkcYnzPNLYwN%2BoQUE6FNzD%2FIVJnwr3XmJ8I4kT0WNq1aYBW0e1yb1ffiXcqNMyU%2FifnXUMo2x4JBjk34jrXZnRpywujSvOp2nUIklpPPqYLm2iQcauH1bqLp%2Ftdr3rLRZv1T3UjVupdqa7v9B%2FCWnLpvORrgb7RU&pid=mm_14661123_33544947_119412095&af=1,淘宝,,
,,,,post,publish,36887638584,杰奎琳薄款印花蕾丝文胸 女士大码防下垂聚拢内衣深V性感胸罩乳罩,满119元减100元,女装,auto,119.90,100,19.9,2919,20000,http://img.alicdn.com/bao/uploaded/i4/TB1PiRvRpXXXXXJXFXXXXXXXXXX_!!0-item_pic.jpg,https://uland.taobao.com/coupon/edetail?e=4YjMH9clUvEN%2BoQUE6FNzD%2FIVJnwr3XmJ8I4kT0WNq1aYBW0e1yb1ffiXcqNMyU%2FQBY16DwRcq7sKPj9FWki1B0HgBdG%2FDDL%2F1M%2FBw7Sf%2FfY6K0sZyAIhlw%2BqhvP%2FhvVh7SHJ3i53TIJPfx2AUpWuZg99%2FWolyIB&pid=mm_14661123_33544947_119412095&af=1,天猫,,
,,,,post,publish,44424700479,洪客 带盖冰格冰块模具制冰器无毒无味冰棒雪糕冰棍盒方块冰块盒,满7元减3元,居家,auto,7.90,3,4.9,621,20000,http://img.alicdn.com/bao/uploaded/i1/TB17MFfLXXXXXaPXVXXXXXXXXXX_!!0-item_pic.jpg,https://uland.taobao.com/coupon/edetail?e=RlTGARhqikcN%2BoQUE6FNzD%2FIVJnwr3XmJ8I4kT0WNq1aYBW0e1yb1ffiXcqNMyU%2F6aJL%2FPsb2TyRhAUiYGuKOh0HgBdG%2FDDL%2F1M%2FBw7Sf%2FfkFovwS9SjiY4iHRCJt4UujTXjZbO4GfeeMVPTokOnyWLXgnGAhYe3&pid=mm_14661123_33544947_119412095&af=1,天猫,,
,,,,post,publish,553943286140,果纶多 芒果新鲜水果批发包邮小台芒非凯特贵妃当季时令水果,满35元减5元,美食,auto,35.80,5,30.8,27416,20000,http://img.alicdn.com/bao/uploaded/i4/TB1o9e6RVXXXXbvaXXXXXXXXXXX_!!0-item_pic.jpg,https://uland.taobao.com/coupon/edetail?e=ef6us0C5sBwN%2BoQUE6FNzD%2FIVJnwr3XmJ8I4kT0WNq1aYBW0e1yb1ffiXcqNMyU%2FjubsWI96Dgl7Nqrw6E%2B1LRpywujSvOp2nUIklpPPqYKSummKOiz3KUW8V3lL%2FdaLKqn%2FWz5lDssQvS9bD1EEBH9qwRqlwytW&pid=mm_14661123_33544947_119412095&af=1,天猫,,
,,,,post,publish,529145188319,铆钉罗马凉鞋女夏2017新款英伦港风学院平底百搭欧洲站潮学生女鞋,满30元减20元,女装,auto,75.00,20,55,249,4000,http://img.alicdn.com/bao/uploaded/i3/619263227/TB2Tjh_oVXXXXcpXpXXXXXXXXXX_!!619263227.jpg,https://uland.taobao.com/coupon/edetail?e=XTvnKTbxezkN%2BoQUE6FNzD%2FIVJnwr3XmJ8I4kT0WNq1aYBW0e1yb1ffiXcqNMyU%2F0IVtmG8w2mPTRwb6ypG%2FghpywujSvOp2nUIklpPPqYLZ1%2B1hnMBKe8Qoayl%2FdOp9ar0VfaH5OBUISrcljT5Y70HKzh0gEzNk&pid=mm_14661123_33544947_119412095&af=1,淘宝,,
,,,,post,publish,546604452637,青扬肩颈捶打按摩披肩颈椎按摩器肩膀颈部肩部腰部颈肩捶背颈肩乐,满69元减30元,居家,auto,69.00,30,39,3177,30000,http://img.alicdn.com/bao/uploaded/i4/TB1mlw2SXXXXXXSaXXXXXXXXXXX_!!0-item_pic.jpg,https://uland.taobao.com/coupon/edetail?e=Y%2BKruBQuPJwN%2BoQUE6FNzD%2FIVJnwr3XmJ8I4kT0WNq1aYBW0e1yb1ffiXcqNMyU%2FuN4mGN6MGvREX40swOoFCBpywujSvOp2nUIklpPPqYJKXR7AbXwCJ%2F8xu9W%2FVrW9L7UuTo68ABU%2FmugRegiC8MjwrYfUwfYQ&pid=mm_14661123_33544947_119412095&af=1,天猫,,
,,,,post,publish,546494334651,冲猫 安卓数据线手机充电器线高速快充 适用小米oppo华为vivo通用,满5元减3元,数码家电,auto,5.90,3,2.9,63838,100000,http://img.alicdn.com/bao/uploaded/i3/TB1bVv2QFXXXXXpXVXXXXXXXXXX_!!0-item_pic.jpg,https://uland.taobao.com/coupon/edetail?e=95EKtzoNERwN%2BoQUE6FNzD%2FIVJnwr3XmJ8I4kT0WNq1aYBW0e1yb1ffiXcqNMyU%2FDv2k8le9tiwFx8oEpY89YhpywujSvOp2nUIklpPPqYKGgKZl7cz2Beas7pZ%2FJPV8eJuukEJFHkH%2F2RMbz3teSnW4PMu1Svhj&pid=mm_14661123_33544947_119412095&af=1,天猫,,
,,,,post,publish,524693319934,清简 爱沫汐 日式素色 小胸聚拢 双肩连体裙式 泳衣女性感,满98元减5元,户外运动,auto,115.00,5,110,230,50000,http://img.alicdn.com/bao/uploaded/i4/41999537/TB2d8i7amVmpuFjSZFFXXcZApXa_!!41999537.jpg,https://uland.taobao.com/coupon/edetail?e=%2FzeOqwZZUo4N%2BoQUE6FNzD%2FIVJnwr3XmJ8I4kT0WNq1aYBW0e1yb1ffiXcqNMyU%2Fw%2Fkn3UKucve70t7S%2F2esvRpywujSvOp2nUIklpPPqYIma7ngT8Q5vOHd0yZZEvvqTK%2Be%2BipxgkwgafQXd1aFDhAOfMmyqcQy&pid=mm_14661123_33544947_119412095&af=1,淘宝,,
,,,,post,publish,552883784316,山东海阳网纹瓜 甜瓜 哈密瓜（3-4斤/只）新鲜应季水果,满24元减5元,美食,auto,24.80,5,19.8,611,20000,http://img.alicdn.com/bao/uploaded/i3/TB16mUjRFXXXXadXFXXXXXXXXXX_!!0-item_pic.jpg,https://uland.taobao.com/coupon/edetail?e=Y6BgltpwqjEN%2BoQUE6FNzD%2FIVJnwr3XmJ8I4kT0WNq1aYBW0e1yb1ffiXcqNMyU%2Flb49SokuYdKu%2F3mt4KcQPRpywujSvOp2nUIklpPPqYIUSFZ3eesmHhmGQU4%2BUu1q9y%2F%2F6SRBMwMmSdnwbQs47fbr86dTsC2r&pid=mm_14661123_33544947_119412095&af=1,天猫,,
,,,,post,publish,554965762149,正品保障，效果杠杠滴，限时促销！！！！,满120元减100元,母婴,auto,129.90,100,29.9,33,10000,http://img.alicdn.com/bao/uploaded/i3/3345031564/TB2Km.EwxdkpuFjy0FbXXaNnpXa_!!3345031564.jpg,https://uland.taobao.com/coupon/edetail?e=kVCJoy59vDoN%2BoQUE6FNzD%2FIVJnwr3XmJ8I4kT0WNq1aYBW0e1yb1ffiXcqNMyU%2FKWD5oQSG%2FByBwYyFeGVCghpywujSvOp2nUIklpPPqYIhnkOGMK8aAROZ9ehCKjPfhGFKbudBji7%2BcWS0N2TQ4k1XLNWW8It6&pid=mm_14661123_33544947_119412095&af=1,淘宝,,
,,,,post,publish,541793008639,强力吸水不沾油棉纱洗碗布加厚抹布厨房清洁布洗碗巾去污不掉毛,满9元减3元,居家,auto,9.90,3,6.9,946,5000,http://img.alicdn.com/bao/uploaded/i1/901401788/TB2CKwntl0kpuFjSsziXXa.oVXa_!!901401788.jpg,https://uland.taobao.com/coupon/edetail?e=YQiqcOLO67AN%2BoQUE6FNzD%2FIVJnwr3XmJ8I4kT0WNq1aYBW0e1yb1ffiXcqNMyU%2FjBu10l%2B51Rhkc%2BD2EP4PEBpywujSvOp2nUIklpPPqYL1lIpktdJRi7lnd6%2FtgAXYu0CxTbxrpoCYiYkN0pLgN2bLaWsItnIw&pid=mm_14661123_33544947_119412095&af=1,淘宝,,
,,,,post,publish,542813179012,千色魔方diy数字油画客厅风景人物数码手绘填色手工油彩画装饰画,满16元减3元,居家,auto,16.80,3,13.8,41343,8000,http://img.alicdn.com/bao/uploaded/i4/TB1E9FpOFXXXXcDaXXXXXXXXXXX_!!0-item_pic.jpg,https://uland.taobao.com/coupon/edetail?e=5jA2W6Ftfu0N%2BoQUE6FNzD%2FIVJnwr3XmJ8I4kT0WNq1aYBW0e1yb1ffiXcqNMyU%2FBJi5l7ZTqkfFBI4knbd4ahpywujSvOp2nUIklpPPqYLv90gwyY9CMKJhKxbLhS2Y1p2tWs5NWxvvJTKl8ArdVICdwaSiSefz&pid=mm_14661123_33544947_119412095&af=1,天猫,,
,,,,post,publish,43707657939,浪莎生理裤女纯棉高腰生理内裤月经期大码防漏大姨妈夏中腰卫生裤,满10元减5元,女装,auto,19.90,5,14.9,7875,10000,http://img.alicdn.com/bao/uploaded/i2/TB1Cmg8RXXXXXbYaXXXXXXXXXXX_!!0-item_pic.jpg,https://uland.taobao.com/coupon/edetail?e=RDLY6zlN%2FFEN%2BoQUE6FNzD%2FIVJnwr3XmJ8I4kT0WNq1aYBW0e1yb1ffiXcqNMyU%2F741GZWRqJzwp5Pc3Rm6%2FER0HgBdG%2FDDL%2F1M%2FBw7Sf%2FcsqVW6Nwx%2BPeSPne4B3TNoj3zgk2ivctPp2CuG9KK%2F0Fd23KqvSjx2&pid=mm_14661123_33544947_119412095&af=1,天猫,,
,,,,post,publish,520522652391,短裤女夏2017新款蕾丝花边短裤女外穿显瘦高腰大码弹力休闲热裤,满69元减40元,女装,auto,69.00,40,29,297,5000,http://img.alicdn.com/bao/uploaded/i3/TB1gWaOQVXXXXb4XFXXXXXXXXXX_!!0-item_pic.jpg,https://uland.taobao.com/coupon/edetail?e=Pp%2F94n%2BozHMN%2BoQUE6FNzD%2FIVJnwr3XmJ8I4kT0WNq1aYBW0e1yb1ffiXcqNMyU%2FO2Xs1pNVQ38gBbVTItcO2hpywujSvOp2nUIklpPPqYJdceMJOImaIahLdTY1XGcgQ%2F%2Ffyj8YydpUCw1ws%2FXPdRcZ02vxEhPc&pid=mm_14661123_33544947_119412095&af=1,天猫,,
,,,,post,publish,542206073938,凯冠 华为荣耀6X手机壳畅享6保护套畅玩6X防摔磨砂硬壳硅胶男女款,满9元减3元,数码家电,auto,9.90,3,6.9,713,100000,http://img.alicdn.com/bao/uploaded/i2/TB1tmLcOFXXXXXQXFXXXXXXXXXX_!!0-item_pic.jpg,https://uland.taobao.com/coupon/edetail?e=%2B6HjGUJYoV8N%2BoQUE6FNzD%2FIVJnwr3XmJ8I4kT0WNq1aYBW0e1yb1ffiXcqNMyU%2FqrbfmjSqq9l%2F1MIQprRizhpywujSvOp2nUIklpPPqYJEx5%2BArDq3vKdQZxZoq%2FKelQ3PnW6%2BGRwVfCdTscz9WBhhtW5qHPES&pid=mm_14661123_33544947_119412095&af=1,天猫,,
,,,,post,publish,545004442213,一对装】紫罗兰酒店水洗Q弹护颈枕头枕芯羽丝绒可水洗单人学生枕,满49元减10元,居家,auto,49.00,10,39,19438,10000,http://img.alicdn.com/bao/uploaded/i2/TB1S0MqPVXXXXX7apXXXXXXXXXX_!!0-item_pic.jpg,https://uland.taobao.com/coupon/edetail?e=22uYen9iaqcN%2BoQUE6FNzD%2FIVJnwr3XmJ8I4kT0WNq1aYBW0e1yb1ffiXcqNMyU%2Fpw9HFnYB56yBej9%2FtW%2B99hpywujSvOp2nUIklpPPqYIW6E9NDRSeVV1STi3MzHtpbZsxBDdr7zbUqtw5QYqS1FHEKCFp1tNH&pid=mm_14661123_33544947_119412095&af=1,天猫,,
,,,,post,publish,521732764079,兰瑟口红持久保湿不脱色不掉色不沾杯防水咬唇妆学生款可爱少女心,满5元减3元,化妆品,auto,27.60,3,24.6,1887,90000,http://img.alicdn.com/bao/uploaded/i4/TB1KAQTSXXXXXbhaVXXXXXXXXXX_!!0-item_pic.jpg,https://uland.taobao.com/coupon/edetail?e=plzOoi60tBIN%2BoQUE6FNzD%2FIVJnwr3XmJ8I4kT0WNq1aYBW0e1yb1ffiXcqNMyU%2F02wUshz3qwYD%2F6zE7okWrBpywujSvOp2nUIklpPPqYI0nWXJU41%2BH3B7OdyDAXDtSpu81PfHRcT5V3zEauLvIdz42dT98Jxn&pid=mm_14661123_33544947_119412095&af=1,天猫,,
,,,,post,publish,548292881827,2017春秋新款外搭吊带连衣裙女夏季复古小清新学生韩版直筒仙女裙,满49元减20元,女装,auto,55.00,20,35,23,5000,http://img.alicdn.com/bao/uploaded/i1/TB1D673QpXXXXcxXXXXXXXXXXXX_!!0-item_pic.jpg,https://uland.taobao.com/coupon/edetail?e=qHH%2BRzudtzEN%2BoQUE6FNzD%2FIVJnwr3XmJ8I4kT0WNq1aYBW0e1yb1ffiXcqNMyU%2FOr6OXSAsCxPjyMZlDSi66hpywujSvOp2nUIklpPPqYLcjimQDzSNlp%2B0piwicA705so814h%2FhPOOXxrKIhnGo0WNpj95NvrD&pid=mm_14661123_33544947_119412095&af=1,天猫,,
,,,,post,publish,550344338354,衣多宝2017新款夏季韩版修身小碎花连衣裙喇叭袖吊带裙两件套女装,满148元减30元,女装,auto,159.00,30,129,41,5000,http://img.alicdn.com/bao/uploaded/i3/TB1h0hIRXXXXXchXpXXXXXXXXXX_!!0-item_pic.jpg,https://uland.taobao.com/coupon/edetail?e=koU1n%2BWGXCoN%2BoQUE6FNzD%2FIVJnwr3XmJ8I4kT0WNq1aYBW0e1yb1ffiXcqNMyU%2FHdwBpfb2WYN674PfO5sLaRpywujSvOp2nUIklpPPqYLzZqtuA9doqb%2FsAvcB%2FR3R6r%2BWusf3DPMI9SEFw8QAtl5nn0nq%2FHW0&pid=mm_14661123_33544947_119412095&af=1,天猫,,
,,,,post,publish,552711872748,男士套装夏季2017新款韩版潮流修身短袖T恤男休闲两件套男生短裤,满58元减10元,男装,auto,58.00,10,48,5633,5000,http://img.alicdn.com/bao/uploaded/i3/TB1CKdARVXXXXb3XVXXXXXXXXXX_!!0-item_pic.jpg,https://uland.taobao.com/coupon/edetail?e=QWbBuxcVbe4N%2BoQUE6FNzD%2FIVJnwr3XmJ8I4kT0WNq1aYBW0e1yb1ffiXcqNMyU%2FwGDz%2BRdhg4rj75gfmdWRnhpywujSvOp2nUIklpPPqYLWUobpJ%2FqwSpU%2FpsL03Q0dEtVjk2Cy0WZ2B1jdaSXMspa1NjaFTnhk&pid=mm_14661123_33544947_119412095&af=1,天猫,,
,,,,post,publish,554257145397,无钢圈文胸运动内衣女胸垫跑步防震舒适睡眠胸罩少女瑜伽抹胸夏天,满17元减5元,女装,auto,17.90,5,12.9,1043,6000,http://img.alicdn.com/bao/uploaded/i1/1905044377/TB2SwtVvMxlpuFjSszgXXcJdpXa_!!1905044377.jpg,https://uland.taobao.com/coupon/edetail?e=3brFDD1C3UQN%2BoQUE6FNzD%2FIVJnwr3XmJ8I4kT0WNq1aYBW0e1yb1ffiXcqNMyU%2Fw7P47IIiBtmsEERevpgEORpywujSvOp2nUIklpPPqYIl%2F36HVquxpYwsVgBmdyHAh4zP%2FwEOP6Ie1d7DCuR0kZ%2BnR27KngLS&pid=mm_14661123_33544947_119412095&af=1,淘宝,,
,,,,post,publish,531664323362,LRCA/亿家夏季超薄护膝 男女士运动护膝户外保暖膝盖空调房老寒腿,满12元减5元,居家,auto,16.90,5,11.9,435,5000,http://img.alicdn.com/bao/uploaded/i2/TB1W98KJVXXXXX2XFXXXXXXXXXX_!!0-item_pic.jpg,https://uland.taobao.com/coupon/edetail?e=dBR7eItmckoN%2BoQUE6FNzD%2FIVJnwr3XmJ8I4kT0WNq1aYBW0e1yb1ffiXcqNMyU%2FVCu%2FdSU5P6gb%2B84s0ADYJxpywujSvOp2nUIklpPPqYL49FphPQB0rW2rLra9LjNdREwIGE4TOY9bRQ3GrXhBefERer5sVf9D&pid=mm_14661123_33544947_119412095&af=1,天猫,,
,,,,post,publish,549459934735,同学会聚会t恤定做班服定制毕业服文化衫衣企业文化工作服订做,满25元减20元,居家,auto,25.90,20,5.9,2,40000,http://img.alicdn.com/bao/uploaded/i2/TB1OU4CSpXXXXcsXpXXXXXXXXXX_!!0-item_pic.jpg,https://uland.taobao.com/coupon/edetail?e=IqmouQImHlsN%2BoQUE6FNzD%2FIVJnwr3XmJ8I4kT0WNq1aYBW0e1yb1ffiXcqNMyU%2F9aZQBfziRYBie5DgMWvWvhpywujSvOp2nUIklpPPqYIhOIPW1R8b3EtoaZ4Qg14RNIuQ3%2FeM1lnGsEVu7FoV7UHuqG%2FzEObr&pid=mm_14661123_33544947_119412095&af=1,天猫,,
,,,,post,publish,550898235349,港风韩国ulzzang原宿风bf风粉红豹印花宽松情侣装男女短袖t恤1320,满38元减3元,女装,auto,38.02,3,35.02,296,19000,http://img.alicdn.com/bao/uploaded/i3/391301097/TB2yOyMsY4npuFjSZFmXXXl4FXa_!!391301097.jpg,https://uland.taobao.com/coupon/edetail?e=v9r7eYDaSXsN%2BoQUE6FNzD%2FIVJnwr3XmJ8I4kT0WNq1aYBW0e1yb1ffiXcqNMyU%2FWxGOJ0qgeSvHcQN8LEgvBxpywujSvOp2nUIklpPPqYJuqWLTQDCaqIo%2BfxQny6dxDJUEJBfYi087PgnryqfnPl1ggaLo7968&pid=mm_14661123_33544947_119412095&af=1,淘宝,,
,,,,post,publish,547711861229,奢侈品包包沙发清洁膏皮具真皮衣油清洗护理液皮具皮革去污剂保养,满61元减60元,化妆品,auto,69.90,60,9.9,2761,10000,http://img.alicdn.com/bao/uploaded/i2/58912877/TB28Tv2obXlpuFjy1zbXXb_qpXa_!!58912877.jpg,https://uland.taobao.com/coupon/edetail?e=ZoLZRK7ZM9EN%2BoQUE6FNzD%2FIVJnwr3XmJ8I4kT0WNq1aYBW0e1yb1ffiXcqNMyU%2FqgUpEopqTKY7VprDnIVSHxpywujSvOp2nUIklpPPqYLkjc4lC8t7b854CYWSssI8oy1kTTCWivTrQJ9NtzBtsPcPG8DNqdlF&pid=mm_14661123_33544947_119412095&af=1,淘宝,,
,,,,post,publish,549813840743,瞌睡兔 棉质短袖t恤女夏装2017新款宽松韩范学生百搭清新纯色体恤,满6元减5元,女装,auto,35.99,5,30.99,2959,10000,http://img.alicdn.com/bao/uploaded/i2/69297156/TB2pHs3trtlpuFjSspoXXbcDpXa_!!69297156.jpg,https://uland.taobao.com/coupon/edetail?e=ZimC0Ijg3O8N%2BoQUE6FNzD%2FIVJnwr3XmJ8I4kT0WNq1aYBW0e1yb1ffiXcqNMyU%2FLMy0MQj6pQdszgiezF8LLxpywujSvOp2nUIklpPPqYLp9tv6h3ODA7jaH515gP5Ox2SGGBff4%2FtavkWJDMRJLYjSJTuvGilB&pid=mm_14661123_33544947_119412095&af=1,淘宝,,
,,,,post,publish,547281752533,家用垃圾袋批发卷装一次性黑色垃圾袋小号塑料袋家用点断式垃圾袋,满6元减1元,居家,auto,6.99,1,5.99,91985,20000,http://img.alicdn.com/bao/uploaded/i4/TB1B.weRFXXXXXjXpXXXXXXXXXX_!!0-item_pic.jpg,https://uland.taobao.com/coupon/edetail?e=ESWC9s%2BYBCMN%2BoQUE6FNzD%2FIVJnwr3XmJ8I4kT0WNq1aYBW0e1yb1ffiXcqNMyU%2FAt5z2mWAJduJOUsSG1VPQRpywujSvOp2nUIklpPPqYKnf48hbCxIj7cyGh07iYw7DKv7xjWMy3B57UJXtxh3nAxIn%2F67I4IH&pid=mm_14661123_33544947_119412095&af=1,天猫,,
,,,,post,publish,545962316987,袜子男短袜夏季薄款纯棉低帮浅口运动袜防臭男袜短筒棉袜男士船袜,满10元减3元,女装,auto,19.80,3,16.8,22420,99999,http://img.alicdn.com/bao/uploaded/i2/TB1qD5BPVXXXXXFXFXXXXXXXXXX_!!0-item_pic.jpg,https://uland.taobao.com/coupon/edetail?e=bvwG3SMTCq4N%2BoQUE6FNzD%2FIVJnwr3XmJ8I4kT0WNq1aYBW0e1yb1ffiXcqNMyU%2FyfpImNP4YhkAu5WfiBSNlRpywujSvOp2nUIklpPPqYLL9Y2FO3yuYWL726Xo2%2BzA16imPLfZkdVnIFno9oCdL5no81J18p1W&pid=mm_14661123_33544947_119412095&af=1,天猫,,
,,,,post,publish,552381177376,恒澍卷装家用垃圾袋包邮一次性平口式塑料袋点断式平口垃圾袋批发,满8元减3元,居家,auto,8.90,3,5.9,18194,50000,http://img.alicdn.com/bao/uploaded/i4/TB1a7kLRVXXXXbAXXXXXXXXXXXX_!!0-item_pic.jpg,https://uland.taobao.com/coupon/edetail?e=AIKEVh5ZMA8N%2BoQUE6FNzD%2FIVJnwr3XmJ8I4kT0WNq1aYBW0e1yb1ffiXcqNMyU%2Fpd%2FZ%2FzY69FFS1veqXrBcIRpywujSvOp2nUIklpPPqYJIGK%2BEE7E0G4yiOJzj9Ilmcytb35nC0O3SWsmnS6mwO1mwVGMR0glb&pid=mm_14661123_33544947_119412095&af=1,天猫,,
,,,,post,publish,545113680210,夏季男士短袖圆领印花t恤潮男装韩版半袖大码青少年学生宽松纯棉,满68元减50元,男装,auto,68.80,50,18.8,21179,20000,http://img.alicdn.com/bao/uploaded/i2/TB1ibk3PpXXXXbhXpXXXXXXXXXX_!!0-item_pic.jpg,https://uland.taobao.com/coupon/edetail?e=snucvIkOEc4N%2BoQUE6FNzD%2FIVJnwr3XmJ8I4kT0WNq1aYBW0e1yb1ffiXcqNMyU%2F4AL0dhq1PXGlxOrf%2BHuFyhpywujSvOp2nUIklpPPqYKAS8YwSCCCkqXdCwPCzmI1iZtDsUQ61lGAuF2XfgXS1sfYsnAIPxUk&pid=mm_14661123_33544947_119412095&af=1,天猫,,
,,,,post,publish,548064235833,卫浴五件套树脂创意浴室刷牙杯卫生间漱口杯套件欧式卫浴洗漱套装,满28元减3元,居家,auto,28.00,3,25,1,3000,http://img.alicdn.com/bao/uploaded/i4/836914903/TB285W3mtFopuFjSZFHXXbSlXXa_!!836914903.jpg,https://uland.taobao.com/coupon/edetail?e=byrSzJqWyVAN%2BoQUE6FNzD%2FIVJnwr3XmJ8I4kT0WNq1aYBW0e1yb1ffiXcqNMyU%2FzGkvR3GxLRGh%2Bh2%2BEkimvRpywujSvOp2nUIklpPPqYJSBaeoKQLG64yGDXugLYbGhnCdCBinn0APbsAQq96bRDPw3mErn8Nb&pid=mm_14661123_33544947_119412095&af=1,淘宝,,
,,,,post,publish,551694372236,木木屋童鞋儿童凉鞋2017夏新款女童凉鞋女孩露指沙滩鞋凉鞋,满59元减20元,母婴,auto,59.90,20,39.9,5595,20000,http://img.alicdn.com/bao/uploaded/i3/TB1_AscPVXXXXcZXXXXXXXXXXXX_!!0-item_pic.jpg,https://uland.taobao.com/coupon/edetail?e=4Ltx9VqCiEIN%2BoQUE6FNzD%2FIVJnwr3XmJ8I4kT0WNq1aYBW0e1yb1ffiXcqNMyU%2FtH%2Fk5%2BEJlaaoSj1O03%2FZDhpywujSvOp2nUIklpPPqYKc%2FxX5cEnI%2BPuLMtMuZtAoVy22LeYSl4rK0%2B%2BmgtDUJuwUJCVnzcjp&pid=mm_14661123_33544947_119412095&af=1,天猫,,
,,,,post,publish,551246001870,手撕华夫软面包早餐食品西式糕点全麦夹心面包零食小吃整箱480g,满25元减5元,美食,auto,29.80,5,24.8,213,10000,http://img.alicdn.com/bao/uploaded/i2/2891882280/TB2p0XXr8NkpuFjy0FaXXbRCVXa_!!2891882280.jpg,https://uland.taobao.com/coupon/edetail?e=o2ertZ8gbGAN%2BoQUE6FNzD%2FIVJnwr3XmJ8I4kT0WNq1aYBW0e1yb1ffiXcqNMyU%2FSGJDxqLbpGzpbPnZufBdtRpywujSvOp2nUIklpPPqYI53Hf3cVDKjRY7ZZ%2FbEGBwajnh9L%2B7cBYsQ5ZRWqMqEdyov8mjZGPR&pid=mm_14661123_33544947_119412095&af=1,淘宝,,
,,,,post,publish,545544418555,恋意哑光口红持久保湿不脱色豆沙色学生款韩国防水唇膏咬唇妆正品,满49元减30元,化妆品,auto,49.00,30,19,75600,15000,http://img.alicdn.com/bao/uploaded/i4/TB1AquYRXXXXXaeXFXXXXXXXXXX_!!0-item_pic.jpg,https://uland.taobao.com/coupon/edetail?e=UxzHlG%2F%2F76EN%2BoQUE6FNzD%2FIVJnwr3XmJ8I4kT0WNq1aYBW0e1yb1ffiXcqNMyU%2Fh6qkiXapSbLD0SewLlYeMhpywujSvOp2nUIklpPPqYJBjtKYi%2FxwcGbTPGWXgIqXZZwZJFS30n0u2YOcwBW0rmowO0afbjS0&pid=mm_14661123_33544947_119412095&af=1,天猫,,
,,,,post,publish,552949839012,韩国泡菜正宗辣白菜 酸爽香辣韩式下饭菜 切件泡菜 寿司小菜450G,满14元减5元,美食,auto,14.90,5,9.9,1899,5000,http://img.alicdn.com/bao/uploaded/i2/TB1BPuMRVXXXXa_XVXXXXXXXXXX_!!0-item_pic.jpg,https://uland.taobao.com/coupon/edetail?e=fQXcWtosabcN%2BoQUE6FNzD%2FIVJnwr3XmJ8I4kT0WNq1aYBW0e1yb1ffiXcqNMyU%2FDXUOeE9RCjrlZQArxU9%2BYRpywujSvOp2nUIklpPPqYJx501GL6BRFRy5krrtb9YD%2FPZ80qgFYzSa2C5xkr%2B3k5P9tx6v1icv&pid=mm_14661123_33544947_119412095&af=1,天猫,,
,,,,post,publish,550393749411,易江源 笔记本电脑做桌床上用可折叠小桌子简约现代宿舍懒人桌,满30元减20元,居家,auto,45.00,20,25,1344,10000,http://img.alicdn.com/bao/uploaded/i4/2917983944/TB2JAsJXhAlyKJjSZFyXXbm_XXa_!!2917983944.jpg,https://uland.taobao.com/coupon/edetail?e=Ax7oVtuh4ggN%2BoQUE6FNzD%2FIVJnwr3XmJ8I4kT0WNq1aYBW0e1yb1ffiXcqNMyU%2FH1fQOAnU9V%2BaQy%2BMdaN0nhpywujSvOp2nUIklpPPqYIXD4qXG3S2J7S2b0xXArMZH5OenccX9iRCA4YJgbosGOsp8iPhIR%2FS&pid=mm_14661123_33544947_119412095&af=1,淘宝,,
,,,,post,publish,545021971735,秋季白色牛仔外套女宽松春秋刺绣小夹克韩版学生百搭短款牛仔衣服,满4元减3元,女装,auto,76.00,3,73,49,10000,http://img.alicdn.com/bao/uploaded/i2/TB1bLD9PpXXXXcjXpXXXXXXXXXX_!!0-item_pic.jpg,https://uland.taobao.com/coupon/edetail?e=35dHHRv%2BH6MN%2BoQUE6FNzD%2FIVJnwr3XmJ8I4kT0WNq1aYBW0e1yb1ffiXcqNMyU%2F0EQgFHUjFj2zC4FGKaCfDRpywujSvOp2nUIklpPPqYLPneXUPRT4OdYZhg6S%2Fb97uxNTxyHwp0cwDLsD%2BP6cQkscIb5QZdCj&pid=mm_14661123_33544947_119412095&af=1,天猫,,
,,,,post,publish,531331768011,时尚三件套2017夏季新款韩版荷叶雪纺衫+吊带衫+高腰阔腿裤短裤女,满70元减30元,女装,auto,89.00,30,59,1402,10000,http://img.alicdn.com/bao/uploaded/i1/TB1zsztRVXXXXb1XXXXXXXXXXXX_!!0-item_pic.jpg,https://uland.taobao.com/coupon/edetail?e=mg0gGUL4juQN%2BoQUE6FNzD%2FIVJnwr3XmJ8I4kT0WNq1aYBW0e1yb1ffiXcqNMyU%2Fg7QPUbgMj4ifdtJpK7a22BpywujSvOp2nUIklpPPqYIW30E344KUyxAjgbd9cctw8Xin7qbN6AnFFFB8%2Bvi13MdMbIUmJAwq&pid=mm_14661123_33544947_119412095&af=1,天猫,,
,,,,post,publish,554863402469,至尊红颜胸针女配饰日韩气质可爱防走光别针简约新款优雅天鹅胸花,满29元减20元,箱包配饰,auto,29.90,20,9.9,82,10000,http://img.alicdn.com/bao/uploaded/i2/TB1a4h9SXXXXXaOapXXYXGcGpXX_M2.SS2,https://uland.taobao.com/coupon/edetail?e=41vnlkROQIgN%2BoQUE6FNzD%2FIVJnwr3XmJ8I4kT0WNq1aYBW0e1yb1ffiXcqNMyU%2FHJq8v0h0mly8xGMfl5AdwBpywujSvOp2nUIklpPPqYJDWlXtGc5Fbps4UszTgUO6%2BbzGXiJUNj6XYDSNfI%2B1%2FwCO9s%2B12Q8k&pid=mm_14661123_33544947_119412095&af=1,天猫,,
,,,,post,publish,549038641875,口红 持久保湿滋润 不易脱色学生唇膏 西柚豆沙南瓜色脏橘人鱼姬,满29元减20元,化妆品,auto,29.90,20,9.9,1356,10000,http://img.alicdn.com/bao/uploaded/i2/TB1mTSESXXXXXXHXFXXXXXXXXXX_!!0-item_pic.jpg,https://uland.taobao.com/coupon/edetail?e=Jpl6JVwe1PYN%2BoQUE6FNzD%2FIVJnwr3XmJ8I4kT0WNq1aYBW0e1yb1ffiXcqNMyU%2Fu%2Fjujkit8xckU%2B%2FQSWa1cxpywujSvOp2nUIklpPPqYKFDnPG7IOVsVD4kQi9OsyJj%2Bhq7vZwAwY1dnXRq7NVFC6cTLqb4LV7&pid=mm_14661123_33544947_119412095&af=1,天猫,,
,,,,post,publish,12807878048,糖尿人无糖零食小吃食品 阿咪无蔗糖黑巧克力250g散（代可可脂）,满19元减10元,美食,auto,19.80,10,9.8,91,2000,http://img.alicdn.com/bao/uploaded/i2/TB1tjqIOVXXXXaqXVXXXXXXXXXX_!!0-item_pic.jpg,https://uland.taobao.com/coupon/edetail?e=u9SD4cS%2BSzgN%2BoQUE6FNzD%2FIVJnwr3XmJ8I4kT0WNq1aYBW0e1yb1ffiXcqNMyU%2FzxgeOOkTSsLTgEU4EVIi1B0HgBdG%2FDDL%2F1M%2FBw7Sf%2FfaM%2B8eXzWqeY9bJwpYC37z2QvH90XOM6h0q0zIFPfcjgimectRpIWh&pid=mm_14661123_33544947_119412095&af=1,天猫,,
,,,,post,publish,547252511737,罗宾手表男学生韩版简约时尚潮流休闲防水夜光男士皮带运动石英表,满57元减30元,箱包配饰,auto,58.00,30,28,3963,10000,http://img.alicdn.com/bao/uploaded/i4/TB1OTfzRFXXXXa9apXXXXXXXXXX_!!0-item_pic.jpg,https://uland.taobao.com/coupon/edetail?e=nscbwl5fTngN%2BoQUE6FNzD%2FIVJnwr3XmJ8I4kT0WNq1aYBW0e1yb1ffiXcqNMyU%2FoU0%2FwkV6vnZrmdoHebuGmBpywujSvOp2nUIklpPPqYKJJWjcLDKJxON2L%2B7bVsv3McjznhCDPAFfBs7nV9wM6negW6kHfDoq&pid=mm_14661123_33544947_119412095&af=1,天猫,,
,,,,post,publish,532579137010,翱航家用电子称体重秤成人健康秤减肥称重计人体秤可选usb充电款,满31元减5元,居家,auto,31.80,5,26.8,21888,30000,http://img.alicdn.com/bao/uploaded/i1/TB1xnScRFXXXXa6XXXXXXXXXXXX_!!0-item_pic.jpg,https://uland.taobao.com/coupon/edetail?e=CkapxGliZZ4N%2BoQUE6FNzD%2FIVJnwr3XmJ8I4kT0WNq1aYBW0e1yb1ffiXcqNMyU%2Fm7KijNir5mZo7QHmeVHyqRpywujSvOp2nUIklpPPqYKB24fxARmD7TEI9tiJfgqGBkLYchHjudhxIoddywoxRhM2UCLKuXWP&pid=mm_14661123_33544947_119412095&af=1,天猫,,
,,,,post,publish,546894845601,雪颜蜜粉定妆粉散粉控油持久遮瑕晚安粉扑亮白修容粉防水提亮肤色,满19元减10元,化妆品,auto,19.90,10,9.9,2403,10000,http://img.alicdn.com/bao/uploaded/i4/TB1zmAfSXXXXXbmXXXXXXXXXXXX_!!0-item_pic.jpg,https://uland.taobao.com/coupon/edetail?e=PE52oPSWFCUN%2BoQUE6FNzD%2FIVJnwr3XmJ8I4kT0WNq1aYBW0e1yb1ffiXcqNMyU%2F4emHzubRTPB1xIlgcuKcPhpywujSvOp2nUIklpPPqYLDhE4PZq1Dsrz5ATqkAtxf6vtPNeXO95m1LO5iPurO3NoG9Rcnr0KC&pid=mm_14661123_33544947_119412095&af=1,天猫,,
,,,,post,publish,546793704616,艾美特塔扇无叶遥控电风扇家用台式风扇立式摇头落地扇静音小电扇,满329元减80元,数码家电,auto,329.00,80,249,2984,5000,http://img.alicdn.com/bao/uploaded/i4/TB1Rl8oSpXXXXX2XVXXXXXXXXXX_!!0-item_pic.jpg,https://uland.taobao.com/coupon/edetail?e=03j8R7qlUGIN%2BoQUE6FNzD%2FIVJnwr3XmJ8I4kT0WNq1aYBW0e1yb1ffiXcqNMyU%2FQ4QKc56fPYdtIzhOANlaMRpywujSvOp2nUIklpPPqYLh27ZmryiVxPhJlOpiNvRhRLGKtL23%2Bx3HhHWZxjXPh6mc0YxS%2Fgq1&pid=mm_14661123_33544947_119412095&af=1,天猫,,
,,,,post,publish,537606282932,抽屉式收纳柜特大号衣柜整理玩具装衣服收纳箱塑料盒透明储物箱子,满37元减15元,居家,auto,37.90,15,22.9,2996,10000,http://img.alicdn.com/bao/uploaded/i4/TB1i7n6RFXXXXX0aXXXXXXXXXXX_!!0-item_pic.jpg,https://uland.taobao.com/coupon/edetail?e=aJxJqaGtPm4N%2BoQUE6FNzD%2FIVJnwr3XmJ8I4kT0WNq1aYBW0e1yb1ffiXcqNMyU%2FKR9SBguvSfNVXrZcJqGXIhpywujSvOp2nUIklpPPqYK1GU1RcCvevzTkPww6YmY0s%2Fr8PCm%2BQLZdnalQo%2BlwjB0ueDJUYJ19&pid=mm_14661123_33544947_119412095&af=1,天猫,,
,,,,post,publish,544755716327,爱诗妮蒙古包蚊帐双开门学生宿舍单双人有底蚊帐1.2m1.5米1.8米床,满40元减20元,居家,auto,89.00,20,69,422,5000,http://img.alicdn.com/bao/uploaded/i1/TB1ckJ6RpXXXXbyapXXXXXXXXXX_!!0-item_pic.jpg,https://uland.taobao.com/coupon/edetail?e=IOixVmfePkEN%2BoQUE6FNzD%2FIVJnwr3XmJ8I4kT0WNq1aYBW0e1yb1ffiXcqNMyU%2FJfB295MBbrseq6QXBDkHphpywujSvOp2nUIklpPPqYL9pB4l8gs%2FPR9xeddi7z70RP23exBIt%2FxruQcsUGVo6VN138lSQBUm&pid=mm_14661123_33544947_119412095&af=1,天猫,,
,,,,post,publish,548714280491,一片式无痕无钢圈女士文胸套装调整型性感聚拢诱惑透气小胸罩大码,满59元减20元,女装,auto,69.00,20,49,3954,5000,http://img.alicdn.com/bao/uploaded/i4/664898513/TB2dSkIoNxmpuFjSZFNXXXrRXXa_!!664898513.jpg,https://uland.taobao.com/coupon/edetail?e=7wPHwWf5kb4N%2BoQUE6FNzD%2FIVJnwr3XmJ8I4kT0WNq1aYBW0e1yb1ffiXcqNMyU%2FYk3MENOLDtmieKVrsOcE5xpywujSvOp2nUIklpPPqYKqs9tMiiMYP2Uxws3ZPD0aIfO7bbboHpBy9fdtvcaRigaretaqqnZ1&pid=mm_14661123_33544947_119412095&af=1,淘宝,,
,,,,post,publish,547516821515,儿童爬行垫双面可折叠加厚宝宝婴儿爬爬垫游戏毯泡沫垫子家用地垫,满25元减10元,母婴,auto,25.90,10,15.9,8816,80000,http://img.alicdn.com/bao/uploaded/i3/TB15QHWSXXXXXcUaXXXXXXXXXXX_!!0-item_pic.jpg,https://uland.taobao.com/coupon/edetail?e=IikEKxuIL2sN%2BoQUE6FNzD%2FIVJnwr3XmJ8I4kT0WNq1aYBW0e1yb1ffiXcqNMyU%2F8ZQnnOskPAcoDBwljxT33BpywujSvOp2nUIklpPPqYKZYnCTe6DVS7%2B%2BMjtWBo26EtydomSdVr0VmslzNVH1IDRr43Egs1mP&pid=mm_14661123_33544947_119412095&af=1,天猫,,
,,,,post,publish,45756251575,正品 盾皇果汁 6倍水果浓缩果汁 果味饮料 盾皇6倍金桔柠檬汁1.6L,满15元减3元,美食,auto,22.80,3,19.8,41,5000,http://img.alicdn.com/bao/uploaded/i4/1837611530/TB2p4j.gY8kpuFjy0FcXXaUhpXa_!!1837611530.jpg,https://uland.taobao.com/coupon/edetail?e=ZKTWXG%2B%2BWekN%2BoQUE6FNzD%2FIVJnwr3XmJ8I4kT0WNq1aYBW0e1yb1ffiXcqNMyU%2F33D4CobWIAkhDTfkYAdnjx0HgBdG%2FDDL%2F1M%2FBw7Sf%2Fd0W68Bx5uB2ch7k0fPz3g%2F2zkNxGXsJCfLuav9XrYqB9i4jOchK3RH&pid=mm_14661123_33544947_119412095&af=1,淘宝,,
,,,,post,publish,526958872958,2条装南极人蕾丝防走光安全裤纯棉女士薄款夏季灰色大码打底短裤,满29元减10元,女装,auto,29.90,10,19.9,4940,10000,http://img.alicdn.com/bao/uploaded/i1/TB1S5o9LpXXXXbXXVXXXXXXXXXX_!!0-item_pic.jpg,https://uland.taobao.com/coupon/edetail?e=pqlwAB3bVfAN%2BoQUE6FNzD%2FIVJnwr3XmJ8I4kT0WNq1aYBW0e1yb1ffiXcqNMyU%2FA0dwCS5TZxmL0I70lBb9qxpywujSvOp2nUIklpPPqYJh2RED1OI%2B7J3ewr581mEqoxeEuXHTUOTC5E1ZX93igR7Ms4AksTzL&pid=mm_14661123_33544947_119412095&af=1,天猫,,
,,,,post,publish,526903239103,一叶子护肤品套装补水保湿控油深层清洁柔爽肤水乳液面部护肤正品,满179元减80元,化妆品,auto,179.00,80,99,987,10000,http://img.alicdn.com/bao/uploaded/i2/TB1oNM6QVXXXXbRXFXXXXXXXXXX_!!0-item_pic.jpg,https://uland.taobao.com/coupon/edetail?e=8CT2DVAbmQYN%2BoQUE6FNzD%2FIVJnwr3XmJ8I4kT0WNq1aYBW0e1yb1ffiXcqNMyU%2FxgLrLe1LLrzHa4lUR%2BUuUBpywujSvOp2nUIklpPPqYI%2FFNapBfCAzBGwGUTT7nL2hcZgoOgNZDGaPt7SZqvZM%2Ftd19Q%2BIlxq&pid=mm_14661123_33544947_119412095&af=1,天猫,,
,,,,post,publish,547515733568,防晒衣女2017夏季新款防晒服女中长款百搭超薄防晒衫女外套学生潮,满59元减25元,女装,auto,59.00,25,34,22604,50000,http://img.alicdn.com/bao/uploaded/i4/TB1AZ5yQpXXXXXYXXXXXXXXXXXX_!!0-item_pic.jpg,https://uland.taobao.com/coupon/edetail?e=39p%2FfyQUWFMN%2BoQUE6FNzD%2FIVJnwr3XmJ8I4kT0WNq1aYBW0e1yb1ffiXcqNMyU%2FHkkOs5ZXcVTbs90MldZRyhpywujSvOp2nUIklpPPqYK0UeoPorGQ14dL8bjFd91cXc6h2QNExInSfE%2BaoRca7lgkK5eXmvai&pid=mm_14661123_33544947_119412095&af=1,天猫,,
,,,,post,publish,549990383294,卡耐基人际交往心理学 微表情行为心理学入门 社会心理学与生活fbi读心术幽默与口才训练说话沟通技巧恋爱心理学 情商书籍 畅销书,满19元减10元,居家,auto,19.90,10,9.9,9258,10000,http://img.alicdn.com/bao/uploaded/i2/TB1Q8_UQVXXXXaKapXXXXXXXXXX_!!0-item_pic.jpg,https://uland.taobao.com/coupon/edetail?e=BvCR9UeBXZcN%2BoQUE6FNzD%2FIVJnwr3XmJ8I4kT0WNq1aYBW0e1yb1ffiXcqNMyU%2FLwhCoqPBQ3I3XBzo2Y6N%2FBpywujSvOp2nUIklpPPqYLhPqsooZ9kloh%2F5PHMxA7hgPxEKhg3qYWkWln8EzQktIwRDW0CvZLl&pid=mm_14661123_33544947_119412095&af=1,天猫,,
,,,,post,publish,552406036730,夏装2017新款韩版一字领吊带宽松雪纺衫时尚半袖露肩上衣打底衫女,满4元减3元,女装,auto,6.80,3,3.8,0,10000,http://img.alicdn.com/bao/uploaded/i3/TB1t5HkQVXXXXcMXVXXXXXXXXXX_!!0-item_pic.jpg,https://uland.taobao.com/coupon/edetail?e=ucUGBmlHa1MN%2BoQUE6FNzD%2FIVJnwr3XmJ8I4kT0WNq1aYBW0e1yb1ffiXcqNMyU%2Fz3TKV0jY%2FIoE6UAKEDIhYhpywujSvOp2nUIklpPPqYJbzZlGUuBcu81BryxCBrsQtNGTUtbLfEaio6F2lQ1zyHGreAfE%2BHUw&pid=mm_14661123_33544947_119412095&af=1,淘宝,,
,,,,post,publish,531855523977,雪玲妃卸妆水正品脸部温和深层清洁无刺激卸妆油眼唇卸妆液卸妆乳,满23元减15元,化妆品,auto,23.80,15,8.8,45518,10000,http://img.alicdn.com/bao/uploaded/i4/TB1SH24SXXXXXbRXFXXXXXXXXXX_!!0-item_pic.jpg,https://uland.taobao.com/coupon/edetail?e=d4la299JfkkN%2BoQUE6FNzD%2FIVJnwr3XmJ8I4kT0WNq1aYBW0e1yb1ffiXcqNMyU%2FQqSu126c2h%2B38WeTEM0%2BwBpywujSvOp2nUIklpPPqYLBmXWp71t7Q1ytUpPozT746NiykfwECYzu6CQywtTsnpp4hSDYE0Fs&pid=mm_14661123_33544947_119412095&af=1,天猫,,
,,,,post,publish,553048995722,少女士无钢圈发育期内衣女儿童纯棉模杯中大学生高中背心文胸罩,满13元减5元,女装,auto,16.90,5,11.9,2474,10000,http://img.alicdn.com/bao/uploaded/i2/TB1Gf5RRFXXXXaNapXXXXXXXXXX_!!0-item_pic.jpg,https://uland.taobao.com/coupon/edetail?e=sMMUQXWaejcN%2BoQUE6FNzD%2FIVJnwr3XmJ8I4kT0WNq1aYBW0e1yb1ffiXcqNMyU%2FzIuFstoCB1uowktTq1XqdhpywujSvOp2nUIklpPPqYJYclAKlh86Ogn015rRm6c0gJU7W3zfTXpfeQEYVHIBq4SqI3849aSy&pid=mm_14661123_33544947_119412095&af=1,天猫,,
,,,,post,publish,552700373126,【8点前39元】【领券拍下】飞织女网鞋韩版驾车鞋一脚蹬女休闲鞋,满59元减30元,女装,auto,59.00,30,29,3743,20000,http://img.alicdn.com/bao/uploaded/i2/TB1X4KXSXXXXXaRaXXXXXXXXXXX_!!0-item_pic.jpg,https://uland.taobao.com/coupon/edetail?e=GSd5YXbJ%2FUEN%2BoQUE6FNzD%2FIVJnwr3XmJ8I4kT0WNq1aYBW0e1yb1ffiXcqNMyU%2FQBBzXOyELRABWsPPoAUsBhpywujSvOp2nUIklpPPqYIi4rMnw0Bf4XxVQX0OovqzuizU4Gjdf5jUqQDCqyXfdDvyBUGaoWN0&pid=mm_14661123_33544947_119412095&af=1,天猫,,
,,,,post,publish,540018023853,杰士邦zero零感避孕套超薄日本进口安全套男用女用情趣高潮安全套,满28元减10元,居家,auto,29.90,10,19.9,1684,10000,http://img.alicdn.com/bao/uploaded/i4/TB1Uzb5SXXXXXXGapXXXXXXXXXX_!!0-item_pic.jpg,https://uland.taobao.com/coupon/edetail?e=hMIDnZdSMEoN%2BoQUE6FNzD%2FIVJnwr3XmJ8I4kT0WNq1aYBW0e1yb1ffiXcqNMyU%2FNltV6D%2FL6TZwvvI8ChT%2FlRpywujSvOp2nUIklpPPqYJAO9JYANAi3MSfgkClh9EESDQxSGSntHfSIyrOWDNMQqctlMTfcH%2Fs&pid=mm_14661123_33544947_119412095&af=1,天猫,,
,,,,post,publish,550495755615,玫倩莱玫瑰哑光口红持久保湿不易脱色豆沙色西柚色唇膏唇彩咬唇妆,满25元减10元,化妆品,auto,39.00,10,29,51358,80000,http://img.alicdn.com/bao/uploaded/i2/TB1uTuiRVXXXXbkXFXXXXXXXXXX_!!0-item_pic.jpg,https://uland.taobao.com/coupon/edetail?e=8Z6GTVXqgs0N%2BoQUE6FNzD%2FIVJnwr3XmJ8I4kT0WNq1aYBW0e1yb1ffiXcqNMyU%2FKTIurlWDIJfwdR7PN9DG0xpywujSvOp2nUIklpPPqYKaUYyp8GBhG5%2BzWs63vP8gN%2B1R3L6Cw5ZBWwy4yfeaY5%2BuRcsqCpED&pid=mm_14661123_33544947_119412095&af=1,天猫,,
,,,,post,publish,528130808600,韩国正品菲诗小铺黑杆大肚子睫毛膏持久浓密纤长自然卷翘不晕染,满4元减3元,化妆品,auto,19.90,3,16.9,56,1000,http://img.alicdn.com/bao/uploaded/i4/TB1Wi28RVXXXXXaXFXXXXXXXXXX_!!0-item_pic.jpg,https://uland.taobao.com/coupon/edetail?e=MukodLgN7VAN%2BoQUE6FNzD%2FIVJnwr3XmJ8I4kT0WNq1aYBW0e1yb1ffiXcqNMyU%2ForyUNKRnC0x1rM22M1rFZhpywujSvOp2nUIklpPPqYJM45AhMTxVwnShePwI6oCSmSF53Qi4h%2Fnuga%2F0LS1TZ%2Fx46q2XGjrx&pid=mm_14661123_33544947_119412095&af=1,淘宝,,
,,,,post,publish,549213812727,gm太阳镜女潮2017明星同款网红眼镜个性墨镜2016韩国女士尚,满78元减50元,箱包配饰,auto,78.00,50,28,1231,10000,http://img.alicdn.com/bao/uploaded/i3/TB1JjhbQVXXXXbRXpXXXXXXXXXX_!!0-item_pic.jpg,https://uland.taobao.com/coupon/edetail?e=dGZon2sX6tYN%2BoQUE6FNzD%2FIVJnwr3XmJ8I4kT0WNq1aYBW0e1yb1ffiXcqNMyU%2Fz6YHGkjWPrFitG6ibTJtFhpywujSvOp2nUIklpPPqYLQ07fzJsh8MdnE23oIFa76pkrXMp%2FT8oXQqYbPCpzn6mNKgD9yQAnv&pid=mm_14661123_33544947_119412095&af=1,天猫,,
,,,,post,publish,18810906675,草方精装专效防蛀固齿牙膏 修复牙齿损伤防止蛀牙 清晰口气口臭,满19元减10元,化妆品,auto,19.80,10,9.8,3296,5000,http://img.alicdn.com/bao/uploaded/i1/TB1Q6bISXXXXXaDaFXXXXXXXXXX_!!0-item_pic.jpg,https://uland.taobao.com/coupon/edetail?e=yy28Ykw2atUN%2BoQUE6FNzD%2FIVJnwr3XmJ8I4kT0WNq1aYBW0e1yb1ffiXcqNMyU%2F%2BWX3zBfIM061zwA9jdXJ%2Bx0HgBdG%2FDDL%2F1M%2FBw7Sf%2Fe26v0NXW5ZhnWRBh9rb6UoTpRPAQl8uBSSBx0ObbMXygI6mhQwvIsy&pid=mm_14661123_33544947_119412095&af=1,天猫,,
,,,,post,publish,534839415821,壹念蟑螂捕捉器家用除蟑螂屋蟑螂药灭蟑螂丸胶饵杀蟑螂贴粉全窝端,满19元减10元,化妆品,auto,19.90,10,9.9,1813,10000,http://img.alicdn.com/bao/uploaded/i4/360417576/TB2u11.qHxmpuFjSZJiXXXauVXa_!!360417576.jpg,https://uland.taobao.com/coupon/edetail?e=f1%2B7k2XOlMwN%2BoQUE6FNzD%2FIVJnwr3XmJ8I4kT0WNq1aYBW0e1yb1ffiXcqNMyU%2FpZNdDR9aMYv56zQHtTueJBpywujSvOp2nUIklpPPqYJeAArweTNYWegb3d0Xs4sMbTgUiXKnouuE9j8gqOp9w43uYiCCEwo5&pid=mm_14661123_33544947_119412095&af=1,淘宝,,
,,,,post,publish,38564194349,短裤男夏天运动休闲七分7分裤韩版中裤五分5分宽松大裤衩夏季男裤,满49元减10元,男装,auto,49.00,10,39,28227,10000,http://img.alicdn.com/bao/uploaded/i4/TB1C2A8QVXXXXb1XFXXXXXXXXXX_!!0-item_pic.jpg,https://uland.taobao.com/coupon/edetail?e=4VHwgjs8iJcN%2BoQUE6FNzD%2FIVJnwr3XmJ8I4kT0WNq1aYBW0e1yb1ffiXcqNMyU%2FP27h9s1VKdpOmP%2F0N35SKx0HgBdG%2FDDL%2F1M%2FBw7Sf%2FfUF3%2BBPE1%2Fa4XPm5DFzFPlSgmTSVGLV2RRDu%2F5U92J9ZOVuTnpF%2Fsh&pid=mm_14661123_33544947_119412095&af=1,天猫,,
,,,,post,publish,555185170490,连衣裙女夏2017新款韩版显瘦露肩V领高腰时尚气质五分袖百褶黑裙,满69元减40元,女装,auto,69.00,40,29,57,3000,http://img.alicdn.com/bao/uploaded/i3/2926671154/TB2Xb9SBmFmpuFjSZFrXXayOXXa_!!2926671154.jpg,https://uland.taobao.com/coupon/edetail?e=817mRj1nD90N%2BoQUE6FNzD%2FIVJnwr3XmJ8I4kT0WNq1aYBW0e1yb1ffiXcqNMyU%2FIeh3mewc0ov%2BtgmhWn2%2FWRpywujSvOp2nUIklpPPqYICciHhh%2FKzxgJcIj0WYQYbVMB2bICvfjfR6xyEjPAJuQotpL6ef69p&pid=mm_14661123_33544947_119412095&af=1,淘宝,,
,,,,post,publish,555240244455,婴儿连体衣夏装宝宝纯棉无袖开档短裤爬服新生儿肩开扣哈衣3-6-12,满31元减30元,母婴,auto,39.90,30,9.9,1,30000,http://img.alicdn.com/bao/uploaded/i3/TB1AWZ7SXXXXXapapXXXXXXXXXX_!!0-item_pic.jpg,https://uland.taobao.com/coupon/edetail?e=d%2FwEcTCYMVMN%2BoQUE6FNzD%2FIVJnwr3XmJ8I4kT0WNq1aYBW0e1yb1ffiXcqNMyU%2F1zdGKb7UA2ladrZveqyxHBpywujSvOp2nUIklpPPqYKT2iZBnsc3exFiYbQwFfjoK%2FHhAdgAW4LZfrrCC7vWUzAwFiB8nbgH&pid=mm_14661123_33544947_119412095&af=1,天猫,,
,,,,post,publish,535987759103,秋林里道斯红肠哈尔滨正宗红肠110g*5根东北特产香肠早餐肉肠红肠,满34元减10元,美食,auto,44.90,10,34.9,417,5000,http://img.alicdn.com/bao/uploaded/i4/TB1ShUOSXXXXXaKapXXXXXXXXXX_!!0-item_pic.jpg,https://uland.taobao.com/coupon/edetail?e=epasv1VjxJwN%2BoQUE6FNzD%2FIVJnwr3XmJ8I4kT0WNq1aYBW0e1yb1ffiXcqNMyU%2FM9MCdViQPIMDfZ%2FFfJ86bBpywujSvOp2nUIklpPPqYK%2BLRWAmbZ%2FcLzqNVp8qSX197YpHKT5jaVhdmJYqaP0jqlT9n6OAvv9&pid=mm_14661123_33544947_119412095&af=1,天猫,,
,,,,post,publish,547296750255,莲香芬安全女夏薄款防走光外穿打底裤宽松保险大码三分短裤2条装,满19元减5元,女装,auto,19.90,5,14.9,1750,20000,http://img.alicdn.com/bao/uploaded/i2/TB1foAzQXXXXXb6XpXXXXXXXXXX_!!0-item_pic.jpg,https://uland.taobao.com/coupon/edetail?e=pWTUgl5r2hcN%2BoQUE6FNzD%2FIVJnwr3XmJ8I4kT0WNq1aYBW0e1yb1ffiXcqNMyU%2FLU8Q7qkkcL4wjKyW1KvLpBpywujSvOp2nUIklpPPqYI6R5h2OjtHvRyJoXlsOsA8XBfPdvJdjKBJhfkv%2B9KxXWmFdX2CQGlS&pid=mm_14661123_33544947_119412095&af=1,天猫,,
,,,,post,publish,535385541519,一叶子面膜贴补水保湿控油清洁收缩毛孔酵素面膜女护肤品正品专柜,满139元减30元,化妆品,auto,129.00,30,99,2501,100000,http://img.alicdn.com/bao/uploaded/i2/TB1keNiSpXXXXcZXVXXXXXXXXXX_!!0-item_pic.jpg,https://uland.taobao.com/coupon/edetail?e=FmbJHF%2FclWQN%2BoQUE6FNzD%2FIVJnwr3XmJ8I4kT0WNq1aYBW0e1yb1ffiXcqNMyU%2FWuqASqCxg249B0hsGhraMhpywujSvOp2nUIklpPPqYKnhEenu55HYBKXZgTXzYaq1MdgWAf%2BMF7nCFoqZK11q6fQ5ZwsVxIh&pid=mm_14661123_33544947_119412095&af=1,天猫,,
,,,,post,publish,546358417462,芒果新鲜包邮8斤非贵妃芒桂七攀枝花凯特广西百色田东金煌芒青芒,满29元减5元,美食,auto,39.90,5,34.9,5557,30000,http://img.alicdn.com/bao/uploaded/i3/TB1Eq8LSpXXXXawXpXXXXXXXXXX_!!0-item_pic.jpg,https://uland.taobao.com/coupon/edetail?e=wRK%2FQtXZppIN%2BoQUE6FNzD%2FIVJnwr3XmJ8I4kT0WNq1aYBW0e1yb1ffiXcqNMyU%2Fbmeez6bcy9Kl%2Fg39xvyvlRpywujSvOp2nUIklpPPqYIDE2VbYHCFLV3yqjtTXGLBjofo1oFIW6wIF2MKI5Yo69iswDRbE0fu&pid=mm_14661123_33544947_119412095&af=1,天猫,,
,,,,post,publish,554509880345,代购现货espoir艾丝珀硅胶粉扑韩国透明水晶果冻玻璃bb霜气垫粉,满25元减15元,化妆品,auto,30.00,15,15,7026,20000,http://img.alicdn.com/bao/uploaded/i2/436351912/TB2WpIaXk7myKJjSZFIXXc0OVXa_!!436351912.jpg,https://uland.taobao.com/coupon/edetail?e=rXEFxSlm7L8N%2BoQUE6FNzD%2FIVJnwr3XmJ8I4kT0WNq1aYBW0e1yb1ffiXcqNMyU%2FCTeNV%2BineiPr9mUcyWQopxpywujSvOp2nUIklpPPqYJBjoCamQr7c8ZwZ%2F614vaVzgSkD8n9S3q0Q5Ekbx9lP2E9BXSegLD9&pid=mm_14661123_33544947_119412095&af=1,淘宝,,
,,,,post,publish,531744372515,草安堂薰衣草洗护沐套装保湿香水洗发水沐浴露护发素男女士家庭装,满19元减10元,化妆品,auto,19.90,10,9.9,9886,10000,http://img.alicdn.com/bao/uploaded/i2/TB1vpBpQpXXXXb_XXXXXXXXXXXX_!!0-item_pic.jpg,https://uland.taobao.com/coupon/edetail?e=dAG9rTDSpFAN%2BoQUE6FNzD%2FIVJnwr3XmJ8I4kT0WNq1aYBW0e1yb1ffiXcqNMyU%2FFaM8AogdrYM4TKojAV6rbxpywujSvOp2nUIklpPPqYI1NRoXT9qJrjBKfoGHJA254PLPLPgfR%2B2t%2FBvU2L%2FfudRPq0gf1pE7&pid=mm_14661123_33544947_119412095&af=1,天猫,,
,,,,post,publish,552928025284,防晒隔热定制窗帘成品全遮光加厚遮阳布卧室阳台客厅飘窗简约现代,满15元减10元,居家,auto,15.90,10,5.9,247,10000,http://img.alicdn.com/bao/uploaded/i3/785147562/TB2szkSxblmpuFjSZFlXXbdQXXa_!!785147562.jpg,https://uland.taobao.com/coupon/edetail?e=Kgsh%2B2kGAfAN%2BoQUE6FNzD%2FIVJnwr3XmJ8I4kT0WNq1aYBW0e1yb1ffiXcqNMyU%2FDlnWXKlBCLvF3mi02dycBBpywujSvOp2nUIklpPPqYJuMkLjxXJ%2F%2BthnRPVeKswBhMnplQFm0n9QGf9BMzNua%2F7LuJ5v5cP%2F&pid=mm_14661123_33544947_119412095&af=1,淘宝,,
,,,,post,publish,549402574464,2017夏季新品大码女装连衣裙中长款民族风水墨套装裙 背心裙+开衫,满58元减40元,女装,auto,98.00,40,58,1176,10000,http://img.alicdn.com/bao/uploaded/i4/TB1uHJyQVXXXXcaXFXXXXXXXXXX_!!0-item_pic.jpg,https://uland.taobao.com/coupon/edetail?e=H3cqQWW9ZlEN%2BoQUE6FNzD%2FIVJnwr3XmJ8I4kT0WNq1aYBW0e1yb1ffiXcqNMyU%2F4KDyYjlOmYUOsQkugGl5%2BBpywujSvOp2nUIklpPPqYIZfDbetz0P7dVOeIFHsrKMiGjLjNPh%2BLK2vMgGFyKxzl%2FON8XmsDbt&pid=mm_14661123_33544947_119412095&af=1,天猫,,
,,,,post,publish,543504011647,阿道夫轻柔洗护沐礼盒套装正品洗发水800+护发素500+沐浴露500,满166元减40元,化妆品,auto,168.00,40,128,1309,10000,http://img.alicdn.com/bao/uploaded/i2/TB1WpipSXXXXXXkapXXXXXXXXXX_!!0-item_pic.jpg,https://uland.taobao.com/coupon/edetail?e=MNzPvCnOBMoN%2BoQUE6FNzD%2FIVJnwr3XmJ8I4kT0WNq1aYBW0e1yb1ffiXcqNMyU%2FiKM8y0VR%2FPWW2RRlweeCsRpywujSvOp2nUIklpPPqYLe24kqfUKQ4OaragwEh3Xv1F%2FyRv7O0cKSvK06cI0faxzFIv7goXjq&pid=mm_14661123_33544947_119412095&af=1,天猫,,
,,,,post,publish,529106217426,科城电击灭蚊灯LED无辐射家用灭蚊器灭蝇灯驱蚊器孕妇婴儿捕蚊子,满39元减10元,居家,auto,39.90,10,29.9,40,3000,http://img.alicdn.com/bao/uploaded/i4/2353644527/TB2mZu4nbRkpuFjSspmXXc.9XXa_!!2353644527.jpg,https://uland.taobao.com/coupon/edetail?e=cmBFi5uB5F4N%2BoQUE6FNzD%2FIVJnwr3XmJ8I4kT0WNq1aYBW0e1yb1ffiXcqNMyU%2Fa46DxU%2BZ%2FbAsTgX2oRfV2RpywujSvOp2nUIklpPPqYLadniuaKAxPkuNHal8Np6813wCB07zKfD6onoePRYZ4H35YLz8dhTy&pid=mm_14661123_33544947_119412095&af=1,淘宝,,
,,,,post,publish,543458970371,水薇盒装7条女士内裤柔棉裆少女学生可爱卡通中腰三角内裤,满29元减5元,女装,auto,39.90,5,34.9,79,100000,http://img.alicdn.com/bao/uploaded/i4/TB1y.VZOVXXXXXBXXXXXXXXXXXX_!!0-item_pic.jpg,https://uland.taobao.com/coupon/edetail?e=S2QlhEsvOoEN%2BoQUE6FNzD%2FIVJnwr3XmJ8I4kT0WNq1aYBW0e1yb1ffiXcqNMyU%2F%2F3vj01lRJh1sMlsGX9599hpywujSvOp2nUIklpPPqYJW54NNZ6aJ0teoVFhaHPGE56JH%2FvoDJGFRngHS2bMux7%2Fzu9%2BWHPcK&pid=mm_14661123_33544947_119412095&af=1,天猫,,
,,,,post,publish,549176412091,一片式无痕无钢圈文胸聚拢调整型内衣胸罩女士小胸平胸加厚收副乳,满45元减30元,女装,auto,49.00,30,19,4734,15000,http://img.alicdn.com/bao/uploaded/i2/2559384172/TB277ZNhXXXXXXBXXXXXXXXXXXX_!!2559384172.jpg,https://uland.taobao.com/coupon/edetail?e=1ZnxxKyK8uoN%2BoQUE6FNzD%2FIVJnwr3XmJ8I4kT0WNq1aYBW0e1yb1ffiXcqNMyU%2FRwWJAsAT2RQMtBb571dxpBpywujSvOp2nUIklpPPqYLbavTmpmneOsro4Ev4HceDxIn8mDQ0YkPkBJnfcQi1DNEvGPEh4zRl&pid=mm_14661123_33544947_119412095&af=1,淘宝,,
,,,,post,publish,530947583551,星和良品浸塑衣架 阳台卧室挂衣服撑衣服成人塑料防风晾衣架20支,满15元减3元,居家,auto,15.80,3,12.8,14293,30000,http://img.alicdn.com/bao/uploaded/i2/TB1T7RPQXXXXXb3apXXXXXXXXXX_!!0-item_pic.jpg,https://uland.taobao.com/coupon/edetail?e=XBDlAUwWwzUN%2BoQUE6FNzD%2FIVJnwr3XmJ8I4kT0WNq1aYBW0e1yb1ffiXcqNMyU%2FnTAC1TIpmEVLtZutNYTnPRpywujSvOp2nUIklpPPqYJnumgpAo8Ik%2BRNew6Af0q7eLhn6hblO7WpJ5HYH5bltl%2ByjWSF88pQ&pid=mm_14661123_33544947_119412095&af=1,天猫,,
,,,,post,publish,552003067906,袖娜2017夏季套装女时尚露背一字领纯色露肩高腰阔腿裤薄款女夏潮,满158元减100元,女装,auto,158.00,100,58,199,10000,http://img.alicdn.com/bao/uploaded/i4/TB1n37hRVXXXXavaXXXXXXXXXXX_!!0-item_pic.jpg,https://uland.taobao.com/coupon/edetail?e=ju0sAX3oFgoN%2BoQUE6FNzD%2FIVJnwr3XmJ8I4kT0WNq1aYBW0e1yb1ffiXcqNMyU%2FFLX1mpGiIGaASntBPqDRtRpywujSvOp2nUIklpPPqYIiY5wuUUa8lryg7tkeDjvF7Qzrw5%2BKNS3D%2FgvbgRT%2BUlA%2BokXu3oC9&pid=mm_14661123_33544947_119412095&af=1,天猫,,
,,,,post,publish,540743689445,娜赛儿雾色哑光正品口红持久保湿不易脱色咬唇妆姨妈色豆沙色唇膏,满49元减30元,化妆品,auto,49.00,30,19,107,5000,http://img.alicdn.com/bao/uploaded/i2/TB15KSgPpXXXXaaapXXXXXXXXXX_!!0-item_pic.jpg,https://uland.taobao.com/coupon/edetail?e=r3odl83XuKcN%2BoQUE6FNzD%2FIVJnwr3XmJ8I4kT0WNq1aYBW0e1yb1ffiXcqNMyU%2FghwYjFkthTqYM%2BDrbu1HxRpywujSvOp2nUIklpPPqYL1UOKv5g7k0u6QNTVoOQU2EGsqQgjMp8Nr3WiHF0LQImhdNBiyBekT&pid=mm_14661123_33544947_119412095&af=1,天猫,,
,,,,post,publish,538445506125,最贤的妻 最才的女 杨绛传 名人传记现当代文学散文随笔文集 我们仨你若安好便是晴天林徽因做一个灵魂有香气的女子畅销书籍排行榜,满18元减10元,居家,auto,19.80,10,9.8,786,10000,http://img.alicdn.com/bao/uploaded/i2/TB1T7XASXXXXXbKXXXXXXXXXXXX_!!0-item_pic.jpg,https://uland.taobao.com/coupon/edetail?e=IqdnYoFDBOcN%2BoQUE6FNzD%2FIVJnwr3XmJ8I4kT0WNq1aYBW0e1yb1ffiXcqNMyU%2FBoRApdnrjo8IPeQ8%2BLlWPBpywujSvOp2nUIklpPPqYIttJr%2BcCfdu3DzeigvoSYoll4Ra4mKZ7kITmWbKhdnbvRq2pdtHTtP&pid=mm_14661123_33544947_119412095&af=1,天猫,,
,,,,post,publish,545827423857,牧兰辞2017新款夏修身显瘦短款夏季连衣裙改良日常蕾丝短旗袍裙女,满599元减300元,女装,auto,599.00,300,299,132,2000,http://img.alicdn.com/bao/uploaded/i1/TB1J_owPFXXXXaUXFXXXXXXXXXX_!!0-item_pic.jpg,https://uland.taobao.com/coupon/edetail?e=snL7JBKhcc4N%2BoQUE6FNzD%2FIVJnwr3XmJ8I4kT0WNq1aYBW0e1yb1ffiXcqNMyU%2Fwr1h32%2BybAYPgh2LqSvp2RpywujSvOp2nUIklpPPqYI5h%2Bh5SN2rCPtpR9iXxLnK0g1afIfwErMvZ61HX4cJ0xZgoUPCaSXu&pid=mm_14661123_33544947_119412095&af=1,天猫,,
,,,,post,publish,553428861393,牛仔套装夏女2017新款时尚潮洋气一字领上衣A字半身裙两件套韩版,满129元减30元,女装,auto,129.00,30,99,307,5000,http://img.alicdn.com/bao/uploaded/i2/571991183/TB2Lgl0tR0kpuFjy1zdXXXuUVXa_!!571991183.jpg,https://uland.taobao.com/coupon/edetail?e=6BqK8dO1rXoN%2BoQUE6FNzD%2FIVJnwr3XmJ8I4kT0WNq1aYBW0e1yb1ffiXcqNMyU%2F02el9EOA%2Fpw%2BYE2C91cCfBpywujSvOp2nUIklpPPqYIQh4gPb2c%2BwiTMvKz3LQOumFjvJIHqF8HBqaQ4gaq2sG8nKrb4Iu5t&pid=mm_14661123_33544947_119412095&af=1,淘宝,,
,,,,post,publish,546879161354,净善美3D毛巾家用洗脸面巾柔软吸水成人宝宝大毛巾干发巾速干方巾,满20元减15元,居家,auto,20.90,15,5.9,11006,10000,http://img.alicdn.com/bao/uploaded/i1/TB1UVF5RVXXXXaAaXXXXXXXXXXX_!!0-item_pic.jpg,https://uland.taobao.com/coupon/edetail?e=dR3NAzDcS7AN%2BoQUE6FNzD%2FIVJnwr3XmJ8I4kT0WNq1aYBW0e1yb1ffiXcqNMyU%2FC446zQPdsxFg1xo7nhe1ARpywujSvOp2nUIklpPPqYJO3CqHgi1PsimLWwFEj1XN%2FEMM2IEqHBV9TK7Xdq6OEY%2F4WFakGQpE&pid=mm_14661123_33544947_119412095&af=1,天猫,,
,,,,post,publish,551103508695,蜡笔小新燕麦巧克力饼干棒美食468g营养麦片巧克力酥喜糖果零食品,满6元减5元,美食,auto,11.90,5,6.9,4,5000,http://img.alicdn.com/bao/uploaded/i2/3283911708/TB2VyGMpYtlpuFjSspoXXbcDpXa_!!3283911708.jpg,https://uland.taobao.com/coupon/edetail?e=hG0Bhd%2BKd4QN%2BoQUE6FNzD%2FIVJnwr3XmJ8I4kT0WNq1aYBW0e1yb1ffiXcqNMyU%2FEmdz5bHfynqMzDnWpLcSuRpywujSvOp2nUIklpPPqYJpZ1MFi0g4ZfdhmDCdg7kSvIx8YwyOE%2FlSWpSzGJtpORu8PlUjK5AC&pid=mm_14661123_33544947_119412095&af=1,淘宝,,
,,,,post,publish,537606282932,抽屉式收纳柜特大号衣柜整理玩具装衣服收纳箱塑料盒透明储物箱子,满37元减15元,居家,auto,37.90,15,22.9,2996,6000,http://img.alicdn.com/bao/uploaded/i4/TB1i7n6RFXXXXX0aXXXXXXXXXXX_!!0-item_pic.jpg,https://uland.taobao.com/coupon/edetail?e=aJxJqaGtPm4N%2BoQUE6FNzD%2FIVJnwr3XmJ8I4kT0WNq1aYBW0e1yb1ffiXcqNMyU%2FKR9SBguvSfNVXrZcJqGXIhpywujSvOp2nUIklpPPqYK1GU1RcCvevzTkPww6YmY0s%2Fr8PCm%2BQLZdnalQo%2BlwjB0ueDJUYJ19&pid=mm_14661123_33544947_119412095&af=1,天猫,,
,,,,post,publish,548595316985,春夏季新款休闲小白鞋百搭皮面板鞋女韩版厚底系带学生帆布运动鞋,满48元减10元,女装,auto,48.00,10,38,3646,15000,http://img.alicdn.com/bao/uploaded/i4/801966992/TB2aE4lz98mpuFjSZFMXXaxpVXa_!!801966992.jpg,https://uland.taobao.com/coupon/edetail?e=kSQ5Z%2B1EfgIN%2BoQUE6FNzD%2FIVJnwr3XmJ8I4kT0WNq1aYBW0e1yb1ffiXcqNMyU%2F%2Bwe5gD7udlb3vsOhXHQtUxpywujSvOp2nUIklpPPqYL%2FTbaEaIKtPLbI9M1g5MkW%2BKMbrr9Aw9m7%2Bt7hCIWHPpFLOlD1PnUU&pid=mm_14661123_33544947_119412095&af=1,淘宝,,
,,,,post,publish,45220043380,开光天然黑曜石貔貅吊坠双龙送财如意双貔貅男女款水晶转运珠项链,满38元减30元,箱包配饰,auto,38.90,30,8.9,238,10000,http://img.alicdn.com/bao/uploaded/i3/TB1P2g8RVXXXXbxaXXXXXXXXXXX_!!0-item_pic.jpg,https://uland.taobao.com/coupon/edetail?e=TntCJ2tzRmgN%2BoQUE6FNzD%2FIVJnwr3XmJ8I4kT0WNq1aYBW0e1yb1ffiXcqNMyU%2F2AzzfcmJWSPYDel2hniz4h0HgBdG%2FDDL%2F1M%2FBw7Sf%2FekO3efD0k0qlJDQ8vOM%2BEgw%2FG81awAZPyMfO%2BSQch9vfWQrolhGHCX&pid=mm_14661123_33544947_119412095&af=1,天猫,,
,,,,post,publish,541068733272,0-3岁纯棉纱布婴幼儿宝宝长袖背心短袖内衣套装哈衣春夏秋薄款a类,满34元减20元,母婴,auto,34.90,20,14.9,34,5000,http://img.alicdn.com/bao/uploaded/i2/TB1dMyWSXXXXXbMXVXXXXXXXXXX_!!0-item_pic.jpg,https://uland.taobao.com/coupon/edetail?e=ASGf8H7N3aUN%2BoQUE6FNzD%2FIVJnwr3XmJ8I4kT0WNq1aYBW0e1yb1ffiXcqNMyU%2FbHpATsQxnc10LLLSdDvMdhpywujSvOp2nUIklpPPqYJiskGe7slt%2Fax%2FVH6ee4ZqmpVQM6LOniBfblRIzRCArk5KqOWixl3u&pid=mm_14661123_33544947_119412095&af=1,天猫,,
,,,,post,publish,546003888653,刘四火黑鸭锁鲜装麻辣鸭脖子180g鸭锁骨180g卤鸭翅180g零食小吃,满38元减10元,美食,auto,48.90,10,38.9,6006,10000,http://img.alicdn.com/bao/uploaded/i1/TB1b3.xSXXXXXXMXpXXXXXXXXXX_!!0-item_pic.jpg,https://uland.taobao.com/coupon/edetail?e=58T9W1%2FptzsN%2BoQUE6FNzD%2FIVJnwr3XmJ8I4kT0WNq1aYBW0e1yb1ffiXcqNMyU%2FfwCD707%2FnizFcs78tc7WxxpywujSvOp2nUIklpPPqYKzAXjacQ5ArcnRMGMxe9Ib8u6YWYO%2Fyte%2FMfii6cTyKTsqqMcX9LhA&pid=mm_14661123_33544947_119412095&af=1,天猫,,
,,,,post,publish,552531531472,左娜图2017夏装新款韩版印花裙女装小清新连衣裙气质夏季雪纺裙子,满148元减60元,女装,auto,148.00,60,88,458,20000,http://img.alicdn.com/bao/uploaded/i4/TB1nVM6RpXXXXbpapXXXXXXXXXX_!!0-item_pic.jpg,https://uland.taobao.com/coupon/edetail?e=2eCB9IdaKakN%2BoQUE6FNzD%2FIVJnwr3XmJ8I4kT0WNq1aYBW0e1yb1ffiXcqNMyU%2F0NCQd7zE6EL6WpE%2Bp2nD0hpywujSvOp2nUIklpPPqYJ66N%2FqMSauNy3Pa1PxhHqK6vwesz8cmvr%2BgA%2FGWlZN4aw0wYspU7%2FH&pid=mm_14661123_33544947_119412095&af=1,天猫,,
,,,,post,publish,548078040884,沃之沃特大号收纳箱棉被衣服物整理箱加厚塑料储物筐大码收纳盒子,满35元减5元,居家,auto,35.00,5,30,1061,10000,http://img.alicdn.com/bao/uploaded/i3/352177942/TB2.ZPezJBopuFjSZPcXXc9EpXa_!!352177942.jpg,https://uland.taobao.com/coupon/edetail?e=IBQprtT674YN%2BoQUE6FNzD%2FIVJnwr3XmJ8I4kT0WNq1aYBW0e1yb1ffiXcqNMyU%2FQ6XN6LfA64iclkIeYWaP3BpywujSvOp2nUIklpPPqYItT8%2F%2FPBUbMUWetZQY%2FpTqd3esYbjdiOXbB%2F4NgV4m34UfY29va2tT&pid=mm_14661123_33544947_119412095&af=1,淘宝,,
,,,,post,publish,554681458197,2017露肩印花短袖连衣裙中长款高腰网纱半身裙两件套,满79元减20元,女装,auto,79.90,20,59.9,55,5000,http://img.alicdn.com/bao/uploaded/i1/TB1ojI5QFXXXXbIXVXXXXXXXXXX_!!0-item_pic.jpg,https://uland.taobao.com/coupon/edetail?e=mc2KPUcSsDcN%2BoQUE6FNzD%2FIVJnwr3XmJ8I4kT0WNq1aYBW0e1yb1ffiXcqNMyU%2F6oYjnqb4umbKYil8sxTUbhpywujSvOp2nUIklpPPqYLXr4ZbGEh7dCqQ0z66gqxTKABLhHLpLMLhEgkBumO3n6y1SYESDw4c&pid=mm_14661123_33544947_119412095&af=1,淘宝,,
,,,,post,publish,554465518893,中学教材全解七年级上语文书初中初一数学英语语文全解全套RJ版教辅辅导书复习资料人教版薛金星中学教材全解初一7年级上册工具书,满22元减15元,居家,auto,22.30,15,7.3,883,10000,http://img.alicdn.com/bao/uploaded/i1/TB1FkeDSXXXXXbDXXXXXXXXXXXX_!!2-item_pic.png,https://uland.taobao.com/coupon/edetail?e=4GFHMttghFMN%2BoQUE6FNzD%2FIVJnwr3XmJ8I4kT0WNq1aYBW0e1yb1ffiXcqNMyU%2FokgOhZCo6%2B%2FPf3J%2Ff1%2BRkBpywujSvOp2nUIklpPPqYKEDnc5PhrQapdT%2FzdFDqI0UOa29ug%2FkbGlI80WDG6K7aqNzet1MLg7&pid=mm_14661123_33544947_119412095&af=1,天猫,,
,,,,post,publish,547129380858,LOVEHEYNEW韩国新款时尚设计简约几何夸张大圆圈耳钉女款耳坠潮,满4元减3元,箱包配饰,auto,9.99,3,6.99,442,33333,http://img.alicdn.com/bao/uploaded/i1/124792559/TB2cqTWjbVkpuFjSspcXXbSMVXa_!!124792559.jpg,https://uland.taobao.com/coupon/edetail?e=TT40%2FRJFCpYN%2BoQUE6FNzD%2FIVJnwr3XmJ8I4kT0WNq1aYBW0e1yb1ffiXcqNMyU%2FAwouWPm1H7P3OD3xE5c9QRpywujSvOp2nUIklpPPqYK4aBRdmHoBPHrSaNW3rM02JWuczICngdoDImmM5qzEeF9czbgGDbFD&pid=mm_14661123_33544947_119412095&af=1,淘宝,,
,,,,post,publish,546022563174,夏季可折叠凉席1.8m床学生宿舍藤席三件套1.5米双人1.2m,满40元减20元,居家,auto,49.00,20,29,3343,100000,http://img.alicdn.com/bao/uploaded/i1/TB1RrKERVXXXXXlXVXXXXXXXXXX_!!0-item_pic.jpg,https://uland.taobao.com/coupon/edetail?e=7kHZU6cW52YN%2BoQUE6FNzD%2FIVJnwr3XmJ8I4kT0WNq1aYBW0e1yb1ffiXcqNMyU%2FBzTM%2B%2FE2n1W1Rl3HfVG3RhpywujSvOp2nUIklpPPqYLLseBdNo3BgNfVL53nRvAlSCisf17kbqcv0G0Z2vl6M6QAmlk3H3kp&pid=mm_14661123_33544947_119412095&af=1,天猫,,
,,,,post,publish,550395729608,【现货采摘】新鲜莲蓬鲜莲子20朵包邮鲜嫩莲子水果农家现发摘白莲,满30元减15元,美食,auto,39.00,15,24,1153,10000,http://img.alicdn.com/bao/uploaded/i3/TB1N2qGSXXXXXbSXXXXXXXXXXXX_!!0-item_pic.jpg,https://uland.taobao.com/coupon/edetail?e=6KYw%2BEpJVO0N%2BoQUE6FNzD%2FIVJnwr3XmJ8I4kT0WNq1aYBW0e1yb1ffiXcqNMyU%2FKeZyqOzQytLZDbyFadl0GhpywujSvOp2nUIklpPPqYJZMj1%2FIc3Uxb5CmdrEz49OXdKtRC3q21nyqtZq65rQfYT30C%2Bf%2F9IE&pid=mm_14661123_33544947_119412095&af=1,天猫,,
,,,,post,publish,520471674573,手工蛋卷零食鸡蛋卷巧克力散装饼干披发整箱夹心膨化食品500g,满14元减5元,美食,auto,14.90,5,9.9,1249,5000,http://img.alicdn.com/bao/uploaded/i1/2453987399/TB2H1clsC8mpuFjSZFMXXaxpVXa_!!2453987399.jpg,https://uland.taobao.com/coupon/edetail?e=gYWyZVjDc0YN%2BoQUE6FNzD%2FIVJnwr3XmJ8I4kT0WNq1aYBW0e1yb1ffiXcqNMyU%2FzSqL6kDJbcDpodoitEYQpxpywujSvOp2nUIklpPPqYKMza2SAdkyFN6EKD%2BWm%2FECElboDwMaVca1DFVI6ijSCVkDAme3OHwq&pid=mm_14661123_33544947_119412095&af=1,淘宝,,
,,,,post,publish,547350842989,优护优家口气清新剂喷雾女士口臭去口臭除口臭口喷男士口腔清新剂,满19元减10元,化妆品,auto,19.80,10,9.8,4366,30000,http://img.alicdn.com/bao/uploaded/i1/TB1ZPU0RpXXXXbbXpXXXXXXXXXX_!!0-item_pic.jpg,https://uland.taobao.com/coupon/edetail?e=Yp4C2tNrzDsN%2BoQUE6FNzD%2FIVJnwr3XmJ8I4kT0WNq1aYBW0e1yb1ffiXcqNMyU%2FKk5gUUwea38hy9Tme0mD0xpywujSvOp2nUIklpPPqYLJSVbeGwcVrC5NlzZYP76IbR9%2FMCdhqASkmSeclC3gdL2Ep%2FJffxqA&pid=mm_14661123_33544947_119412095&af=1,天猫,,
,,,,post,publish,551696432273,卡通坐垫夏天冰垫降温水垫椅子冰坐垫冰凉凉垫夏季水袋学生水坐垫,满21元减20元,居家,auto,29.90,20,9.9,2248,49999,http://img.alicdn.com/bao/uploaded/i4/2161840895/TB2H4t0tMxlpuFjy0FoXXa.lXXa_!!2161840895.jpg,https://uland.taobao.com/coupon/edetail?e=QNf6BkDpTsIN%2BoQUE6FNzD%2FIVJnwr3XmJ8I4kT0WNq1aYBW0e1yb1ffiXcqNMyU%2F7phiHUb4SfvMjIoGISEgJhpywujSvOp2nUIklpPPqYJGDMlvypXESZVSGQi97VWlgdhOzchaDaBphAnbKfoFEFHMi7dKO6bt&pid=mm_14661123_33544947_119412095&af=1,淘宝,,
,,,,post,publish,527425672906,紧致眼霜 保湿淡化去黑眼圈眼袋细纹 紧致提拉抗皱补水男女正品,满29元减20元,化妆品,auto,29.90,20,9.9,2144,100000,http://img.alicdn.com/bao/uploaded/i3/TB1rGsWKXXXXXajXFXXXXXXXXXX_!!0-item_pic.jpg,https://uland.taobao.com/coupon/edetail?e=J5mpT%2BS1dvMN%2BoQUE6FNzD%2FIVJnwr3XmJ8I4kT0WNq1aYBW0e1yb1ffiXcqNMyU%2Fkk2QvKl3xoAAPAvki6QajhpywujSvOp2nUIklpPPqYJG1%2FQpflr7fXb0Vn3rD9nT0z5CCXB%2F%2FrjrqQeZwV57q7blyjDiLeGp&pid=mm_14661123_33544947_119412095&af=1,天猫,,
,,,,post,publish,551105276845,稚优泉气垫bb霜+隔离霜套餐 裸妆遮瑕强隔离妆前乳提亮液控油,满78元减5元,化妆品,auto,145.00,5,140,3,10000,http://img.alicdn.com/bao/uploaded/i1/313812908/TB24lWdXd3nyKJjSZFEXXXTTFXa_!!313812908.jpg,https://uland.taobao.com/coupon/edetail?e=W9iHL6STqjEN%2BoQUE6FNzD%2FIVJnwr3XmJ8I4kT0WNq1aYBW0e1yb1ffiXcqNMyU%2FTxNUVSIwnWwrP93DujM76hpywujSvOp2nUIklpPPqYL9pB4l8gs%2FPRi1C9fyFI8gCVbVc3sYPXbPpBGSRAlap6Ms4s4xAWKx&pid=mm_14661123_33544947_119412095&af=1,淘宝,,
,,,,post,publish,548353058204,珈芮宣正品十色眼影盘南瓜色大地色桃花妆彩妆盘裸妆哑光珠光持久,满15元减5元,化妆品,auto,15.90,5,10.9,4735,5000,http://img.alicdn.com/bao/uploaded/i4/394762258/TB2WUhUrl0lpuFjSszdXXcdxFXa_!!394762258.jpg,https://uland.taobao.com/coupon/edetail?e=v3enqj%2FLlQcN%2BoQUE6FNzD%2FIVJnwr3XmJ8I4kT0WNq1aYBW0e1yb1ffiXcqNMyU%2FPWM4kGIZjWlvTx3T%2F3omORpywujSvOp2nUIklpPPqYLqXlNOwbMv5uu17nOp5CEtdCakw463YJBo8io502%2FqUVKX5eyqiOny&pid=mm_14661123_33544947_119412095&af=1,淘宝,,
,,,,post,publish,43752710485,VCND BLUESKY人气温变甲油胶光疗胶持久蔻丹变色美甲胶渐变甲油胶,满29元减15元,化妆品,auto,29.00,15,14,165,3003,http://img.alicdn.com/bao/uploaded/i1/TB1Ja6aSXXXXXaJXpXXXXXXXXXX_!!0-item_pic.jpg,https://uland.taobao.com/coupon/edetail?e=6Q%2BJvl198fUN%2BoQUE6FNzD%2FIVJnwr3XmJ8I4kT0WNq1aYBW0e1yb1ffiXcqNMyU%2F8ltTokOZGbcWLtoMrirewB0HgBdG%2FDDL%2F1M%2FBw7Sf%2FfwU8y5svrzK3f0CPwGeFzT7iElUEeo3thPaVQ6IQjZm6yMPkquxhRI&pid=mm_14661123_33544947_119412095&af=1,天猫,,
,,,,post,publish,547861081988,衬衫女白色V领喇叭袖2017夏新款小清新短袖雪纺衫宽松百搭上衣潮,满49元减30元,女装,auto,49.00,30,19,206,12000,http://img.alicdn.com/bao/uploaded/i8/TB18OSpRpXXXXbUapXXYXGcGpXX_M2.SS2,https://uland.taobao.com/coupon/edetail?e=A8ec9mU67uEN%2BoQUE6FNzD%2FIVJnwr3XmJ8I4kT0WNq1aYBW0e1yb1ffiXcqNMyU%2FSpfliWP2F6dvo5ijW6VsthpywujSvOp2nUIklpPPqYI9lNZ%2BkV7ILngW5uUYc4Ji3x0PcMQSwUPracUF7xT80b3OVXmmMpHX&pid=mm_14661123_33544947_119412095&af=1,天猫,,
,,,,post,publish,545547287420,佰草汇大肚子荷叶茶袋泡茶荷叶决明子茯苓组合茶花茶山楂茶乌龙茶,满15元减10元,美食,auto,15.90,10,5.9,7178,5000,http://img.alicdn.com/bao/uploaded/i4/TB1x_DtRVXXXXakaXXXXXXXXXXX_!!0-item_pic.jpg,https://uland.taobao.com/coupon/edetail?e=oHU2WKT6yfMN%2BoQUE6FNzD%2FIVJnwr3XmJ8I4kT0WNq1aYBW0e1yb1ffiXcqNMyU%2FbtlUiWKlIioq%2B6QofuXgTBpywujSvOp2nUIklpPPqYIOh48j5S3f%2BGGZocE2GgKpWAZHFDEt1RAOs%2Bq3P%2F5%2FhOAzKPAmnS2t&pid=mm_14661123_33544947_119412095&af=1,天猫,,
,,,,post,publish,547812950507,正版 别让生气毁了你(终身受益版) 不生气的智慧书调整心态掌控情绪快乐 人际沟通心灵修养处事口才沟通技巧艺术成功励志畅销书籍,满15元减10元,居家,auto,19.90,10,9.9,17253,20000,http://img.alicdn.com/bao/uploaded/i2/TB1SIbSRXXXXXajapXXXXXXXXXX_!!0-item_pic.jpg,https://uland.taobao.com/coupon/edetail?e=eC7wY1kDfgcN%2BoQUE6FNzD%2FIVJnwr3XmJ8I4kT0WNq1aYBW0e1yb1ffiXcqNMyU%2FX0VhiT2FjKrjmXcoL2nJOxpywujSvOp2nUIklpPPqYJqDgK0Dv7yQXlzXuNLpeELf6FjYuBOydmBI5ZgMt2ColfgHKlnkoys&pid=mm_14661123_33544947_119412095&af=1,天猫,,
,,,,post,publish,554862268592,【2017新款】亏本 限时抢购 女人年轻的钥匙 多色可选  限购2支,满201元减200元,化妆品,auto,239.90,200,39.9,938,5000,http://img.alicdn.com/bao/uploaded/i1/675001398/TB2iGTFwl8kpuFjSspeXXc7IpXa_!!675001398.jpg,https://uland.taobao.com/coupon/edetail?e=FwHFNKaNzCsN%2BoQUE6FNzD%2FIVJnwr3XmJ8I4kT0WNq1aYBW0e1yb1ffiXcqNMyU%2FkxiuORwc8Beg8pkfejMmoRpywujSvOp2nUIklpPPqYLMKQpcI9iggEH9pdnIOqip4%2FpoxI7k%2FebakAGjVYqFvqg3qT7L7IR8&pid=mm_14661123_33544947_119412095&af=1,淘宝,,
,,,,post,publish,553106888596,莎卡卡娜泰国青草膏正品防蚊虫叮咬驱蚊止痒提神脑清凉油淤青扭伤,满29元减20元,化妆品,auto,29.90,20,9.9,3767,10000,http://img.alicdn.com/bao/uploaded/i1/TB1kWwxRFXXXXa.XVXXXXXXXXXX_!!0-item_pic.jpg,https://uland.taobao.com/coupon/edetail?e=DiJSFNFPgAEN%2BoQUE6FNzD%2FIVJnwr3XmJ8I4kT0WNq1aYBW0e1yb1ffiXcqNMyU%2F1n92xMwBidzOYX%2Fu3iVDRhpywujSvOp2nUIklpPPqYKjqjEpxxMaUZQzqz0CNmQbBnZm3hHNNu0W6RNw3L3cw3hK25fBFDE8&pid=mm_14661123_33544947_119412095&af=1,天猫,,
,,,,post,publish,532057129964,苏心天鹅款项链女锁骨链简约吊坠玫瑰金色短款日韩配饰品气质项链,满30元减3元,箱包配饰,auto,14.80,3,11.8,19250,100000,http://img.alicdn.com/bao/uploaded/i1/TB1RX7cOVXXXXXUapXXXXXXXXXX_!!0-item_pic.jpg,https://uland.taobao.com/coupon/edetail?e=wiKPBBu1KvoN%2BoQUE6FNzD%2FIVJnwr3XmJ8I4kT0WNq1aYBW0e1yb1ffiXcqNMyU%2FLeyXN969E%2B1WgcIJC%2F7uCBpywujSvOp2nUIklpPPqYIbLKfqXP42LUg6kJv00M6SimZgIO9HvQ0R8JibTsdl0JiEBm6l0w5y&pid=mm_14661123_33544947_119412095&af=1,天猫,,
,,,,post,publish,549743865561,韩国泳衣女分体裙式小胸聚拢小清新少女学生保守显瘦泡温泉游泳衣,满59元减50元,户外运动,auto,108.00,50,58,302,5000,http://img.alicdn.com/bao/uploaded/i4/1100617000/TB2pZlVs4XlpuFjSsphXXbJOXXa_!!1100617000.jpg,https://uland.taobao.com/coupon/edetail?e=levjyPx1llMN%2BoQUE6FNzD%2FIVJnwr3XmJ8I4kT0WNq1aYBW0e1yb1ffiXcqNMyU%2FbNuosawVTNsyDpm4i%2B2LBRpywujSvOp2nUIklpPPqYLOwQiFgrJ0sGpvW2CWalfFsR9Cfz3V%2Fa%2BP92HvyMppsrQbPPYDrSyX&pid=mm_14661123_33544947_119412095&af=1,淘宝,,
,,,,post,publish,547646069823,卡菲缇向大大无钢圈内衣文胸套装透气好一片式小胸聚拢厚款薄款,满69元减20元,女装,auto,69.00,20,49,12895,30000,http://img.alicdn.com/bao/uploaded/i2/TB1YbdCRVXXXXc4XFXXXXXXXXXX_!!0-item_pic.jpg,https://uland.taobao.com/coupon/edetail?e=q5ADDPBWnCEN%2BoQUE6FNzD%2FIVJnwr3XmJ8I4kT0WNq1aYBW0e1yb1ffiXcqNMyU%2FPQoKNzKdRunRrpRejwYDRBpywujSvOp2nUIklpPPqYLAdHmiH1s21nexwFygScKsYQUzDHxlC7nIltdeYX7sRKcuFUgcbLir&pid=mm_14661123_33544947_119412095&af=1,天猫,,
,,,,post,publish,544096625722,强力粘钩挂钩承重吸盘粘胶无痕厨房钩子壁挂墙壁墙上不粘贴浴室门,满19元减10元,居家,auto,13.80,10,3.8,100892,50000,http://img.alicdn.com/bao/uploaded/i3/TB1YfuJRFXXXXaVXVXXXXXXXXXX_!!0-item_pic.jpg,https://uland.taobao.com/coupon/edetail?e=Y4g6jcVMk1gN%2BoQUE6FNzD%2FIVJnwr3XmJ8I4kT0WNq1aYBW0e1yb1ffiXcqNMyU%2Fzn72fwXF66NRh56ndMZPbxpywujSvOp2nUIklpPPqYJ3uR9N3Js%2FhX3sgzOpnBRadcEcGc9fvm610IzszKaaf6NbQiew3u0V&pid=mm_14661123_33544947_119412095&af=1,天猫,,
,,,,post,publish,540916127989,SAST/先科 A7无线蓝牙音箱迷你手机音响便携插卡小钢炮车载低音炮,满99元减40元,数码家电,auto,99.00,40,59,518,5000,http://img.alicdn.com/bao/uploaded/i3/TB1zFAtRpXXXXcxXFXXXXXXXXXX_!!0-item_pic.jpg,https://uland.taobao.com/coupon/edetail?e=Pzfj8Ss2igAN%2BoQUE6FNzD%2FIVJnwr3XmJ8I4kT0WNq1aYBW0e1yb1ffiXcqNMyU%2FUiMDt2IHvx1i9TqARrFLUxpywujSvOp2nUIklpPPqYL3gx5XR54LNQ64HnFpqCeSkCl0%2FIvVbKJn7OLM28zdiFwtp9ExEN0S&pid=mm_14661123_33544947_119412095&af=1,天猫,,
,,,,post,publish,536199218326,苹果创意个性iPhone5/6/7Plus数据线加长1.2米iPad单头手机充电线,满58元减50元,数码家电,auto,64.90,50,14.9,2074,10000,http://img.alicdn.com/bao/uploaded/i1/TB12Zc5SXXXXXXcXFXXXXXXXXXX_!!0-item_pic.jpg,https://uland.taobao.com/coupon/edetail?e=V0IXvTAdeQUN%2BoQUE6FNzD%2FIVJnwr3XmJ8I4kT0WNq1aYBW0e1yb1ffiXcqNMyU%2FtxoQdLjioZLXErHo3o3tLxpywujSvOp2nUIklpPPqYLzi5Yji%2Ba5aTm2XTeuoUD79sRiDFmFTfPbP4L3jiJG%2BAcstOfOJPLh&pid=mm_14661123_33544947_119412095&af=1,天猫,,
,,,,post,publish,528557403155,纯棉男士袜子浅口船袜低帮短袜男袜夏季薄款硅胶防滑隐形袜套棉袜,满15元减5元,女装,auto,15.80,5,10.8,836,5000,http://img.alicdn.com/bao/uploaded/i1/2180880163/TB2dqGfXVXXXXasXpXXXXXXXXXX_!!2180880163.jpg,https://uland.taobao.com/coupon/edetail?e=zRUd0b41jYcN%2BoQUE6FNzD%2FIVJnwr3XmJ8I4kT0WNq1aYBW0e1yb1ffiXcqNMyU%2FsYZd%2FO9lteI%2FMUkndDIEHBpywujSvOp2nUIklpPPqYKTcFYPDNys5TDg%2FefO5Q%2Fob2mBQCn%2B%2BYvxnhHGYDH7SkOC0XCB7DyO&pid=mm_14661123_33544947_119412095&af=1,淘宝,,
,,,,post,publish,553886946864,荷叶茶冬瓜荷叶茶玫瑰花茶干组合茶纯袋泡茶花草茶叶正品天然,满25元减20元,美食,auto,25.80,20,5.8,10142,50000,http://img.alicdn.com/bao/uploaded/i4/1114231238/TB21axvuwFkpuFjSspnXXb4qFXa_!!1114231238.jpg,https://uland.taobao.com/coupon/edetail?e=crMSt5G0HSgN%2BoQUE6FNzD%2FIVJnwr3XmJ8I4kT0WNq1aYBW0e1yb1ffiXcqNMyU%2FNHkIPTEtwCu%2FurMJba6w2RpywujSvOp2nUIklpPPqYKEObmDSM4o9J%2FQGhTDnIj8PSTlXcX1Wpcwm0tov0bc75MSZTDQLT7v&pid=mm_14661123_33544947_119412095&af=1,淘宝,,
,,,,post,publish,543438337188,3条装|春夏一片式无痕冰丝内裤女中低腰纯棉档内衣三角裤性感蕾丝,满39元减10元,女装,auto,39.90,10,29.9,41070,10000,http://img.alicdn.com/bao/uploaded/i1/TB11UVMOVXXXXcwXXXXXXXXXXXX_!!0-item_pic.jpg,https://uland.taobao.com/coupon/edetail?e=tslf9GUd3pEN%2BoQUE6FNzD%2FIVJnwr3XmJ8I4kT0WNq1aYBW0e1yb1ffiXcqNMyU%2FOz5ta%2FAwS8x8yIARcAvjRRpywujSvOp2nUIklpPPqYJAGjouvcqa5Vm4CQ5xkBV7fsn5aQt6apChubxieOh80IkG22YVjCrs&pid=mm_14661123_33544947_119412095&af=1,天猫,,
,,,,post,publish,524759819271,天气预报风暴瓶毕业季生日礼物女生男友情特别创意新奇实用小清新,满14元减5元,居家,auto,14.90,5,9.9,8019,10000,http://img.alicdn.com/bao/uploaded/i4/TB16D_cSXXXXXb9aXXXXXXXXXXX_!!0-item_pic.jpg,https://uland.taobao.com/coupon/edetail?e=2v7rHoUzdZ0N%2BoQUE6FNzD%2FIVJnwr3XmJ8I4kT0WNq1aYBW0e1yb1ffiXcqNMyU%2FaNP6PqeHugA9U5we10TQTRpywujSvOp2nUIklpPPqYIxyaSCbVeQijkR2XprEIKFeQyYpV%2F6XJkd2N9v3KMsgqmKUGc14LRG&pid=mm_14661123_33544947_119412095&af=1,天猫,,
,,,,post,publish,550308178928,特比乐手机防水袋7/6plus潜水套通用游泳温泉拍照触屏防水套T91H,满10元减3元,户外运动,auto,10.50,3,7.5,1463,10000,http://img.alicdn.com/bao/uploaded/i1/TB1zFEJQVXXXXXIaFXXXXXXXXXX_!!0-item_pic.jpg,https://uland.taobao.com/coupon/edetail?e=F7Dxq5qr6IwN%2BoQUE6FNzD%2FIVJnwr3XmJ8I4kT0WNq1aYBW0e1yb1ffiXcqNMyU%2FaGWBkhr5zgHuObaP2LlEoxpywujSvOp2nUIklpPPqYJhp2OqAHsVcxA%2FKxkxfSq1UqpHqxUDeixbkCzlTmc45CiWlDvMS%2FfW&pid=mm_14661123_33544947_119412095&af=1,天猫,,
,,,,post,publish,549676099528,慕滋火鸡拌面包邮超辣干拌面辣鸡面整箱炒面泡面拉面非韩国进口,满29元减10元,美食,auto,29.90,10,19.9,5969,20000,http://img.alicdn.com/bao/uploaded/i4/TB1cTyiQVXXXXaLapXXXXXXXXXX_!!0-item_pic.jpg,https://uland.taobao.com/coupon/edetail?e=9zj6c%2FkTzQsN%2BoQUE6FNzD%2FIVJnwr3XmJ8I4kT0WNq1aYBW0e1yb1ffiXcqNMyU%2F%2FSENPrzLOzAehVvnZZ38QBpywujSvOp2nUIklpPPqYISNkoEub0qeERyOLG5PS1DvD6plW%2BSYksTK8SAswfmExBG1hUD6xuV&pid=mm_14661123_33544947_119412095&af=1,天猫,,
,,,,post,publish,551225457445,马自达马六马3昂克塞拉钥匙套M2星骋睿翼CX4阿特兹CX5真皮钥匙包,满60元减40元,汽车用品,auto,68.00,40,28,303,20001,http://img.alicdn.com/bao/uploaded/i2/TB1BTsQRXXXXXaTXpXXXXXXXXXX_!!0-item_pic.jpg,https://uland.taobao.com/coupon/edetail?e=c2chWObzSRUN%2BoQUE6FNzD%2FIVJnwr3XmJ8I4kT0WNq1aYBW0e1yb1ffiXcqNMyU%2FeILZT48jmF5mqcSQVRboXhpywujSvOp2nUIklpPPqYIFanLxnWRlzWpxmMtLyvFKLZ0P%2BNS%2BFAcv%2F9xHsKuVM1%2BW0M1rfT8b&pid=mm_14661123_33544947_119412095&af=1,天猫,,
,,,,post,publish,535968702154,韩版宝宝尿布裤隔尿防漏训练裤新生婴儿可洗全纯棉纱布儿童学习裤,满4元减3元,母婴,auto,19.00,3,16,4814,10000,http://img.alicdn.com/bao/uploaded/i2/2682235465/TB2gvIEXaZPyuJjSspmXXX2IXXa_!!2682235465.jpg,https://uland.taobao.com/coupon/edetail?e=qmrexbm28i8N%2BoQUE6FNzD%2FIVJnwr3XmJ8I4kT0WNq1aYBW0e1yb1ffiXcqNMyU%2FcyaGsKG7BSzz0cntFgPoXhpywujSvOp2nUIklpPPqYJ8hMebIpXXkmHoiTP9fHw2kazYIgy9Ee8e6dqwrzdHtNN4Lhn7q200&pid=mm_14661123_33544947_119412095&af=1,淘宝,,
,,,,post,publish,553476177368,汽车香水座式车载空调出风口香水夹车 饰品摆件除异味车载香水座,满22元减10元,汽车用品,auto,22.80,10,12.8,15287,10000,http://img.alicdn.com/bao/uploaded/i3/TB1jnFcSpXXXXXDXpXXXXXXXXXX_!!0-item_pic.jpg,https://uland.taobao.com/coupon/edetail?e=uJxJQxcyDegN%2BoQUE6FNzD%2FIVJnwr3XmJ8I4kT0WNq1aYBW0e1yb1ffiXcqNMyU%2FZDY2VKwC3dJww3hgnh6GmhpywujSvOp2nUIklpPPqYJ%2FZG%2FfEdZiQ%2FWipBZDMeoqadjwcBunLSY2R4EsNRi4e58tp9ecCI%2B7&pid=mm_14661123_33544947_119412095&af=1,天猫,,
,,,,post,publish,532935381214,电动修眉刀包邮修眉器女用剃眉刀女士初学者新手刮眉毛刀修剪神器,满69元减30元,居家,auto,69.00,30,39,1320,10000,http://img.alicdn.com/bao/uploaded/i3/TB1Nhl3RVXXXXXNXVXXXXXXXXXX_!!2-item_pic.png,https://uland.taobao.com/coupon/edetail?e=LnrqIa5PZMEN%2BoQUE6FNzD%2FIVJnwr3XmJ8I4kT0WNq1aYBW0e1yb1ffiXcqNMyU%2FMV3Y%2FQc%2Fghip3cktWrNxmxpywujSvOp2nUIklpPPqYKWKSKyjYhk0erMD%2BUPkSN7nwBuo7SrxqSSzH2d%2BlKyfbjPKBvNgt4Z&pid=mm_14661123_33544947_119412095&af=1,天猫,,
,,,,post,publish,552647568183,CHIMERA奇美拉牛皮手链女可当项链双层手绳欧美小清新手镯绳韩版,满49元减20元,箱包配饰,auto,59.00,20,39,33,5000,http://img.alicdn.com/bao/uploaded/i3/TB1bSpzRFXXXXcBapXXXXXXXXXX_!!2-item_pic.png,https://uland.taobao.com/coupon/edetail?e=4i5dJkJcT0wN%2BoQUE6FNzD%2FIVJnwr3XmJ8I4kT0WNq1aYBW0e1yb1ffiXcqNMyU%2Fy26Tzgdyqf2G1O43shpAkhpywujSvOp2nUIklpPPqYJGDMlvypXESWa4LhCa13Re2UazVTcZP4e833SNTlw4bdq2YWIJdH5O&pid=mm_14661123_33544947_119412095&af=1,天猫,,
,,,,post,publish,546258909055,才子帆布鞋男低帮圆头休闲鞋男平底系带透气百搭学生板鞋小白鞋男,满158元减100元,男装,auto,158.00,100,58,110,10000,http://img.alicdn.com/bao/uploaded/i4/TB1hrsBRXXXXXbUXXXXXXXXXXXX_!!0-item_pic.jpg,https://uland.taobao.com/coupon/edetail?e=tzRSmxw7Ex4N%2BoQUE6FNzD%2FIVJnwr3XmJ8I4kT0WNq1aYBW0e1yb1ffiXcqNMyU%2FoXIUpJseGyfzJwRBh%2FMkixpywujSvOp2nUIklpPPqYI8OmNpayZ3z%2BXI4kTzo4hfR0t8Q41%2BDfKjWDUdejPlhzM%2F%2FQNkOqHe&pid=mm_14661123_33544947_119412095&af=1,天猫,,
,,,,post,publish,528832083624,宝丽来创意手绘田园DIY拍立得手工相册相簿粘贴式影集韩国照片本,满30元减20元,居家,auto,37.00,20,17,36,5000,http://img.alicdn.com/bao/uploaded/i1/TB1zpt_MXXXXXcdXVXXXXXXXXXX_!!0-item_pic.jpg,https://uland.taobao.com/coupon/edetail?e=xk1l%2FL6kCkMN%2BoQUE6FNzD%2FIVJnwr3XmJ8I4kT0WNq1aYBW0e1yb1ffiXcqNMyU%2FGmmTgVSiyFSBTwpBvZjMlBpywujSvOp2nUIklpPPqYJ4RXHmjie8yGgsd97VJU%2FT%2B%2FwuUnZ%2F0hqwOdDlahRadOpfVfRLapE4&pid=mm_14661123_33544947_119412095&af=1,天猫,,
,,,,post,publish,528409340461,羚羊早安原创品牌纪念插画伞手绘黑胶防晒遮阳伞晴雨伞三折太阳伞,满79元减50元,居家,auto,79.90,50,29.9,23443,60000,http://img.alicdn.com/bao/uploaded/i3/108753808/TB2Wc9Kn4dkpuFjy0FbXXaNnpXa_!!108753808.jpg,https://uland.taobao.com/coupon/edetail?e=EU1ZpaqkiLwN%2BoQUE6FNzD%2FIVJnwr3XmJ8I4kT0WNq1aYBW0e1yb1ffiXcqNMyU%2FQNvSPoWaXSieYOm33xZTMhpywujSvOp2nUIklpPPqYLVODvVyuvEZycC347jnDyHUG0UDSSmAQj7LmjZDYDhnPM2S6qDJMLK&pid=mm_14661123_33544947_119412095&af=1,淘宝,,
,,,,post,publish,550028433432,欢乐颂同款帆布包女单肩韩国潮文艺女包森女系布包包女手提包韩版,满39元减20元,箱包配饰,auto,39.90,20,19.9,3695,10000,http://img.alicdn.com/bao/uploaded/i2/1777697378/TB2zxMzn3RkpuFjy1zeXXc.6FXa_!!1777697378.jpg,https://uland.taobao.com/coupon/edetail?e=Xhbokee9n4cN%2BoQUE6FNzD%2FIVJnwr3XmJ8I4kT0WNq1aYBW0e1yb1ffiXcqNMyU%2FbSmhilwTanAuygB0KtF2DRpywujSvOp2nUIklpPPqYI%2FiKlVgC9iPM3v0uDSPxsZmry90ZBNY2b6aRiU%2BA9N4AqSuR66IGi0&pid=mm_14661123_33544947_119412095&af=1,淘宝,,
,,,,post,publish,551907871976,时尚荟防晒霜喷雾学生军训水晶喷雾丝袜喷雾补水保湿户外防紫外线,满49元减20元,化妆品,auto,49.90,20,29.9,789,20000,http://img.alicdn.com/bao/uploaded/i1/TB15HplSpXXXXbJXVXXXXXXXXXX_!!0-item_pic.jpg,https://uland.taobao.com/coupon/edetail?e=UuOVWm4keJ0N%2BoQUE6FNzD%2FIVJnwr3XmJ8I4kT0WNq1aYBW0e1yb1ffiXcqNMyU%2FNl1q34q0GsDUeUsLyjgm8BpywujSvOp2nUIklpPPqYJgCTDB0ptpiDJJfPaF%2FsJhB2QmUdva8%2FXiim7Tk8ahj1AvX3ZPp66S&pid=mm_14661123_33544947_119412095&af=1,天猫,,
,,,,post,publish,538981475685,百露纸质加厚鞋盒纸盒简易收纳鞋盒抽屉式鞋子收纳盒透明塑料圆环,满28元减5元,居家,auto,32.00,5,27,3251,5000,http://img.alicdn.com/bao/uploaded/i2/TB1r8RKNFXXXXa0XpXXXXXXXXXX_!!0-item_pic.jpg,https://uland.taobao.com/coupon/edetail?e=sgSJ%2FrCMof0N%2BoQUE6FNzD%2FIVJnwr3XmJ8I4kT0WNq1aYBW0e1yb1ffiXcqNMyU%2FK6ok%2FA8M8rLVOVg%2B%2BotjwRpywujSvOp2nUIklpPPqYLSO2zdIwfUKb9eTQtJDXp1V8ouYHnnDygdUE50xGE900OiMZ8%2F8ckN&pid=mm_14661123_33544947_119412095&af=1,天猫,,
,,,,post,publish,540790849058,langtian浪天LT-Z18声波电动牙刷成人家用无需充电式自动牙刷软毛,满69元减40元,居家,auto,69.00,40,29,61966,30000,http://img.alicdn.com/bao/uploaded/i3/TB1LyfJQFXXXXcfXpXXXXXXXXXX_!!0-item_pic.jpg,https://uland.taobao.com/coupon/edetail?e=AIZbUUmlttUN%2BoQUE6FNzD%2FIVJnwr3XmJ8I4kT0WNq1aYBW0e1yb1ffiXcqNMyU%2FOksR8qfhrxjErVFsjg379hpywujSvOp2nUIklpPPqYJWkjqaibu6zG8jmXR95eT3fj9eh2FI7JR325YXFOWH1xtUbM8MYXtJ&pid=mm_14661123_33544947_119412095&af=1,天猫,,
,,,,post,publish,554967358129,气质淑女连衣裙女夏新款韩版显瘦中长款修身女神收腰露肩a字裙子,满50元减30元,女装,auto,59.90,30,29.9,1768,10000,http://img.alicdn.com/bao/uploaded/i1/1990709076/TB21K21XnlcwKJjSZFqXXc2kFXa_!!1990709076.jpg,https://uland.taobao.com/coupon/edetail?e=gj6ZrkUKeOsN%2BoQUE6FNzD%2FIVJnwr3XmJ8I4kT0WNq1aYBW0e1yb1ffiXcqNMyU%2F6i%2F3gdqdXjPym1Fy3w43dBpywujSvOp2nUIklpPPqYJhTyvp99ngnjax1PJSXOaaumTCievJnN3rqdgq3bhWAw%2BsAYXfSCjy&pid=mm_14661123_33544947_119412095&af=1,淘宝,,
,,,,post,publish,524854053797,慕滋三明治500g*2箱早餐口袋手撕面包蒸蛋糕点心零食品小吃批发,满29元减10元,美食,auto,29.80,10,19.8,2475,20000,http://img.alicdn.com/bao/uploaded/i1/TB1LtOnQVXXXXc8XXXXXXXXXXXX_!!0-item_pic.jpg,https://uland.taobao.com/coupon/edetail?e=mmBDfi1BrGQN%2BoQUE6FNzD%2FIVJnwr3XmJ8I4kT0WNq1aYBW0e1yb1ffiXcqNMyU%2Fd0JUTixQWFwluDm%2FOiFZ0RpywujSvOp2nUIklpPPqYISNkoEub0qeERyOLG5PS1DvD6plW%2BSYksTK8SAswfmExBG1hUD6xuV&pid=mm_14661123_33544947_119412095&af=1,天猫,,
,,,,post,publish,530361842811,南极人2017新款情侣款透气吸汗速干短袖T恤圆领户外运动跑步服,满39元减15元,户外运动,auto,39.00,15,24,2237,10000,http://img.alicdn.com/bao/uploaded/i2/TB1CK32LXXXXXbIaXXXXXXXXXXX_!!0-item_pic.jpg,https://uland.taobao.com/coupon/edetail?e=7O9PPPlSSe8N%2BoQUE6FNzD%2FIVJnwr3XmJ8I4kT0WNq1aYBW0e1yb1ffiXcqNMyU%2FmkOQCJJ69IG5xs48Xdy66xpywujSvOp2nUIklpPPqYLiGI6S5vTZM6auYwhhDCfQor7AO9G5Pc66Z%2FBA8dyhjWaDum9nulJe&pid=mm_14661123_33544947_119412095&af=1,天猫,,
,,,,post,publish,545647850936,碧嘉嘉 创意防垢小麦秸秆漱口杯 洗漱水杯牙缸刷牙杯子情侣套装,满12元减5元,居家,auto,18.90,5,13.9,10781,20000,http://img.alicdn.com/bao/uploaded/i3/TB1F2YhQFXXXXbvaXXXXXXXXXXX_!!0-item_pic.jpg,https://uland.taobao.com/coupon/edetail?e=4xNF3y5AyesN%2BoQUE6FNzD%2FIVJnwr3XmJ8I4kT0WNq1aYBW0e1yb1ffiXcqNMyU%2FMTYE1A%2FUaUqGNzQh12VXnhpywujSvOp2nUIklpPPqYJgiQv%2BHRf8i71ReR%2B%2Fbfmtsv6NpLBl0iKkOfrzRpr%2BgsHHuEiECQ2k&pid=mm_14661123_33544947_119412095&af=1,天猫,,
,,,,post,publish,550535607049,苹果iphone6/6s/6sPlus/7/7Plus2.5D/3D/4D全屏防指纹钢化玻璃膜,满15元减10元,数码家电,auto,15.90,10,5.9,5894,10000,http://img.alicdn.com/bao/uploaded/i1/TB1GGAjRXXXXXa5XFXXXXXXXXXX_!!0-item_pic.jpg,https://uland.taobao.com/coupon/edetail?e=07g26FfqSQ0N%2BoQUE6FNzD%2FIVJnwr3XmJ8I4kT0WNq1aYBW0e1yb1ffiXcqNMyU%2FWB3wsV3NohxKCJtBS%2FfQoxpywujSvOp2nUIklpPPqYK3O2wEe5kr3ziuCRRAxIGoMJv1qRLAdkJpsuGMM8Wg528Q5kJFmhMH&pid=mm_14661123_33544947_119412095&af=1,天猫,,
,,,,post,publish,526339046324,正泰开关插座家用86型暗装三孔五孔一开二开7Z白色开关插座面板,满4元减3元,数码家电,auto,8.60,3,5.6,1816,20000,http://img.alicdn.com/bao/uploaded/i2/TB1bhZzSXXXXXXPXFXXXXXXXXXX_!!0-item_pic.jpg,https://uland.taobao.com/coupon/edetail?e=gtGsebtC0%2FUN%2BoQUE6FNzD%2FIVJnwr3XmJ8I4kT0WNq1aYBW0e1yb1ffiXcqNMyU%2FsDQ2Vsi5jeyElwQbpvCzqxpywujSvOp2nUIklpPPqYKHIx%2BBe%2F7%2BrlcSfOwzfBl1GQH81FRegxs0lEmZo7e%2B7ldc9eAGXn8C&pid=mm_14661123_33544947_119412095&af=1,天猫,,
,,,,post,publish,548331047838,卡林纳空调扇家用遥控冷气扇冷风机单冷移动制冷办公室水冷小空调,满160元减30元,数码家电,auto,229.00,30,199,4872,100000,http://img.alicdn.com/bao/uploaded/i4/1644152661/TB20FJzXnIlyKJjSZFMXXXvVXXa_!!1644152661.jpg,https://uland.taobao.com/coupon/edetail?e=k5w07XA9VlMN%2BoQUE6FNzD%2FIVJnwr3XmJ8I4kT0WNq1aYBW0e1yb1ffiXcqNMyU%2F3qXrZ8AqnkERRS1I4XmIlhpywujSvOp2nUIklpPPqYKGB4SFZEoZlerAWLNX4qxOZET3WGxUYLZApIMHAoYyXuHO2fg38J%2F%2F&pid=mm_14661123_33544947_119412095&af=1,淘宝,,
,,,,post,publish,552458175477,三角包女包2017新款流苏手提包斜挎包粽子包斜跨迷你手拎包手拿包,满39元减20元,箱包配饰,auto,39.99,20,19.99,2034,5000,http://img.alicdn.com/bao/uploaded/i1/913855254/TB2NXpTvr4npuFjSZFmXXXl4FXa_!!913855254.jpg,https://uland.taobao.com/coupon/edetail?e=0XIxGaV%2BUTkN%2BoQUE6FNzD%2FIVJnwr3XmJ8I4kT0WNq1aYBW0e1yb1ffiXcqNMyU%2F%2Bi3sFu%2Bz3JF4udDgTmr1ZBpywujSvOp2nUIklpPPqYIlqMFDctCQ7BI5AufqyvamcLys1%2BwbpqtcjMtHyYqdCi94mduYF%2FY8&pid=mm_14661123_33544947_119412095&af=1,淘宝,,
,,,,post,publish,550026522287,防水不晕染眼线笔液初学者内大眼定妆细硬软头学生黑色非铅笔胶膏,满19元减10元,化妆品,auto,19.80,10,9.8,158,10000,http://img.alicdn.com/bao/uploaded/i2/TB1rjTpSXXXXXcfaXXXXXXXXXXX_!!0-item_pic.jpg,https://uland.taobao.com/coupon/edetail?e=Ugo9IqgISDMN%2BoQUE6FNzD%2FIVJnwr3XmJ8I4kT0WNq1aYBW0e1yb1ffiXcqNMyU%2FEhjU2ypn0gBzbClYyf3HBhpywujSvOp2nUIklpPPqYJIhbjr10k1umsRhh%2BR%2F3eA%2Bl%2BLm8IGlpTbzwwtCLg2nbj%2BrIhxPq5E&pid=mm_14661123_33544947_119412095&af=1,天猫,,
,,,,post,publish,551457202856,姨妈色口红唇膏 豆沙色口红哑光不脱色持久咬唇妆韩国豆沙红口红,满4元减3元,化妆品,auto,12.90,3,9.9,84,10000,http://img.alicdn.com/bao/uploaded/i1/3018350031/TB27JsJbHdvt1JjSZFuXXXG0FXa_!!3018350031.jpg,https://uland.taobao.com/coupon/edetail?e=tWYBjz9SRpoN%2BoQUE6FNzD%2FIVJnwr3XmJ8I4kT0WNq1aYBW0e1yb1ffiXcqNMyU%2FcS3Rbp8po6vhVcm6o5E3BBpywujSvOp2nUIklpPPqYJi5KBKmX1i%2BpMqWdhVz6QRqUTWTBoMKxu9KHrMoerQyv5y16ujozJX&pid=mm_14661123_33544947_119412095&af=1,淘宝,,
,,,,post,publish,37859279755,2017新款连体裙式保守遮肚平角裤女泳装小胸钢托聚拢泡温泉游泳衣,满8元减3元,户外运动,auto,49.90,3,46.9,1337,90000,http://img.alicdn.com/bao/uploaded/i4/TB1ERjWIVXXXXXgXXXXXXXXXXXX_!!0-item_pic.jpg,https://uland.taobao.com/coupon/edetail?e=K%2FBEFqfvJ7UN%2BoQUE6FNzD%2FIVJnwr3XmJ8I4kT0WNq1aYBW0e1yb1ffiXcqNMyU%2Fvg6%2FvCYpYNe6ETsEDo26Ux0HgBdG%2FDDL%2F1M%2FBw7Sf%2FcDPVU4kVWPdcu0aFfGLcuNWcbgpK2JvIuJr6csH2PucVhC2TxrL4Gb&pid=mm_14661123_33544947_119412095&af=1,天猫,,
,,,,post,publish,548673334878,跑步手机臂包运动手臂包苹果6跑步健身装备臂带袋男女臂套手腕包,满20元减10元,户外运动,auto,22.90,10,12.9,1146,5000,http://img.alicdn.com/bao/uploaded/i1/62002668/TB2WOKcXd3nyKJjSZFjXXcdBXXa_!!62002668.jpg,https://uland.taobao.com/coupon/edetail?e=UZIEgQxoXTgN%2BoQUE6FNzD%2FIVJnwr3XmJ8I4kT0WNq1aYBW0e1yb1ffiXcqNMyU%2FvD5hE9S81S7uYjO9m9I07hpywujSvOp2nUIklpPPqYJt4f4lc1WA4QwDwjSoE7T%2BrKZN457WpgZCCV9s4BVluFqOdU8hNZHU&pid=mm_14661123_33544947_119412095&af=1,淘宝,,
,,,,post,publish,555238162222,连衣裙女夏2017新款气质韩版A型显瘦套头收腰系带条纹中长款女裙,满49元减20元,女装,auto,49.90,20,29.9,53,10000,http://img.alicdn.com/bao/uploaded/i1/834448657/TB2V5kBBdRopuFjSZFtXXcanpXa_!!834448657.jpg,https://uland.taobao.com/coupon/edetail?e=p05sVihX1iAN%2BoQUE6FNzD%2FIVJnwr3XmJ8I4kT0WNq1aYBW0e1yb1ffiXcqNMyU%2FR5f%2F%2Fs8bHl0uLzssMd84hxpywujSvOp2nUIklpPPqYI2Ybj9dkgQRWF%2BUR%2F2m9Uf5joIljuqo4CHaQ79aIMYIvO%2FBCunxcSb&pid=mm_14661123_33544947_119412095&af=1,淘宝,,
,,,,post,publish,555286115501,morlien眼睫毛增长液防水卷翘纤长滋养睫毛眉毛生长液膏浓密男女,满100元减50元,化妆品,auto,128.00,50,78,161,100000,http://img.alicdn.com/bao/uploaded/i3/113485645/TB286W_e9mK.eBjSZPfXXce2pXa_!!113485645.jpg,https://uland.taobao.com/coupon/edetail?e=YzOJUPeNdH4N%2BoQUE6FNzD%2FIVJnwr3XmJ8I4kT0WNq1aYBW0e1yb1ffiXcqNMyU%2FfQrqzAJPZdch%2F1b%2FCiKQXxpywujSvOp2nUIklpPPqYLQc3Kz9nNG%2Fpckse8urjuSn69soIUp%2FuscJAQqugJ6kyDWYKyhZODp&pid=mm_14661123_33544947_119412095&af=1,淘宝,,
,,,,post,publish,41658030556,新廓型2017春季新款雪纺衬衫女长袖白色衬衣修身立领丝绸打底上衣,满380元减300元,女装,auto,399.00,300,99,29,8000,http://img.alicdn.com/bao/uploaded/i1/TB1H9QaLpXXXXXDXpXXXXXXXXXX_!!0-item_pic.jpg,https://uland.taobao.com/coupon/edetail?e=w1jH1FGXWT8N%2BoQUE6FNzD%2FIVJnwr3XmJ8I4kT0WNq1aYBW0e1yb1ffiXcqNMyU%2FoOf896jP%2Fdj3KIdoATDZ%2Fh0HgBdG%2FDDL%2F1M%2FBw7Sf%2FcG6%2FGOOysWvtwjwME601o2fceB%2BbdqFnQwC4iQevxHMYZBDZbr9lEE&pid=mm_14661123_33544947_119412095&af=1,天猫,,
,,,,post,publish,550346939256,汉HAN定制配近视太阳镜男士潮人墨镜女偏光炫彩膜蛤蟆镜可配度数,满69元减30元,箱包配饰,auto,69.00,30,39,1243,5000,http://img.alicdn.com/bao/uploaded/i3/TB1RK8bSpXXXXcaXXXXXXXXXXXX_!!0-item_pic.jpg,https://uland.taobao.com/coupon/edetail?e=g8uyndinmagN%2BoQUE6FNzD%2FIVJnwr3XmJ8I4kT0WNq1aYBW0e1yb1ffiXcqNMyU%2FR4d4EkhcW5mDS6itNG4qUhpywujSvOp2nUIklpPPqYJS8Fy%2BB5oP%2FvI5TUPBwgnj1LZvTP%2Bf%2BW3MjuG%2BS1Q%2Brta%2BkbQDaGmZ&pid=mm_14661123_33544947_119412095&af=1,天猫,,
,,,,post,publish,547682841570,2017夏季无袖复古小清新印花宽松棉麻连衣裙中长款改良旗袍背心裙,满50元减10元,女装,auto,69.00,10,59,308,5000,http://img.alicdn.com/bao/uploaded/i3/751088065/TB2Mi3djR8lpuFjy0FnXXcZyXXa_!!751088065.jpg,https://uland.taobao.com/coupon/edetail?e=jFBoMkmWtEsN%2BoQUE6FNzD%2FIVJnwr3XmJ8I4kT0WNq1aYBW0e1yb1ffiXcqNMyU%2FAvdAfKfg3o1meAabw1e7jhpywujSvOp2nUIklpPPqYItX2GsYygwSFiyXfX7dnQyTI1wAq26in3hrsTfu9I0M0XpKaHs4r4w&pid=mm_14661123_33544947_119412095&af=1,淘宝,,
,,,,post,publish,551668137365,吊带连体裤女夏阔腿短裤2017新款韩版高腰学生碎花假两件套连衣裤,满30元减20元,女装,auto,89.00,20,69,14,5000,http://img.alicdn.com/bao/uploaded/i4/TB1HJB0RpXXXXc.XVXXXXXXXXXX_!!0-item_pic.jpg,https://uland.taobao.com/coupon/edetail?e=QkBx0DkIHcEN%2BoQUE6FNzD%2FIVJnwr3XmJ8I4kT0WNq1aYBW0e1yb1ffiXcqNMyU%2FwpBQYkE%2F6rpsDymafdBV9xpywujSvOp2nUIklpPPqYICxAn5cuZN7scWZZUtuYPsMU03PoB5kpCJ7Nmz3ZLC4k2joJ4scY7N&pid=mm_14661123_33544947_119412095&af=1,天猫,,
,,,,post,publish,37176235233,韩国孕妇打底裤夏季薄款莫代尔孕妇裤长裤九分托腹裤子春秋孕妇装,满45元减20元,母婴,auto,45.00,20,25,61,10000,http://img.alicdn.com/bao/uploaded/i4/818397437/TB2Q.IOhdFopuFjSZFHXXbSlXXa_!!818397437.jpg,https://uland.taobao.com/coupon/edetail?e=cOlDNa0fdqwN%2BoQUE6FNzD%2FIVJnwr3XmJ8I4kT0WNq1aYBW0e1yb1ffiXcqNMyU%2FSjv0qVvrrMFN5GzNZ0P2zR0HgBdG%2FDDL%2F1M%2FBw7Sf%2FfWx7kJ7Ai%2FrOvc90Nj6AbKbWXiQupRQbTfuhVXVD0Lt6jxx7QO7OGf&pid=mm_14661123_33544947_119412095&af=1,淘宝,,
,,,,post,publish,17663013006,2017韩版孕妇装夏装孕妇裙子纯棉长裙时尚夏季全棉质孕妇连衣裙夏,满68元减30元,母婴,auto,68.00,30,38,57,100000,http://img.alicdn.com/bao/uploaded/i4/1074611125/TB2SMVnpVXXXXXDXpXXXXXXXXXX_!!1074611125.jpg,https://uland.taobao.com/coupon/edetail?e=VtNsNfqmAooN%2BoQUE6FNzD%2FIVJnwr3XmJ8I4kT0WNq1aYBW0e1yb1ffiXcqNMyU%2FQvFFxdM0s3ltRx0fs8FDFR0HgBdG%2FDDL%2F1M%2FBw7Sf%2FdjTaklJRTVBa0LE5ljOJGKZYxuA4ebV%2FDzdkyiULlgKkBjX%2BKbi4fC&pid=mm_14661123_33544947_119412095&af=1,淘宝,,
,,,,post,publish,546592434391,布鞋女2017新款帆布鞋女小白鞋学生韩版板鞋百搭鞋子平底鞋子原宿,满29元减10元,女装,auto,29.90,10,19.9,2815,10000,http://img.alicdn.com/bao/uploaded/i1/376300718/TB2pEi2fb_0UKFjy1XaXXbKfXXa_!!376300718.jpg,https://uland.taobao.com/coupon/edetail?e=owRS0fcjL%2F8N%2BoQUE6FNzD%2FIVJnwr3XmJ8I4kT0WNq1aYBW0e1yb1ffiXcqNMyU%2FgfLtdecwvjUxs%2Fe6ZRuQYRpywujSvOp2nUIklpPPqYKHtoHwVJK5LpB1e%2BGC%2FlBq1Nmj2V25obi9PNbmZewJlsG%2BkrK63bZJ&pid=mm_14661123_33544947_119412095&af=1,淘宝,,
